HCDR1,HCDR2,HCDR3,KD (nM),Binder
GFNIKDTY,IYPTNGYT,ARWGGYGFYAMDY,0.56,True
GFNIKDTY,IYPTNGYT,TRWGEYFYFMDL,0.63,True
GFNIKDTY,IYPTNGYT,TRYYYGFYAMDY,0.64,True
GFNIKDTY,IYPTNGYT,TRWYYFIYYYMDV,0.87,True
GFNIKDTY,IYPTNGYT,TRYFFNGWYYFDV,0.94,True
GFNIKDTY,IYPTNGYT,ARYYGYGGYWFAY,0.98,True
GFNIKDTY,IYPTNGYT,SRWGGWGFYSMDY,1.07,True
GFNIKDTY,IYPTNGYT,TRWGYDYYVMDY,1.09,True
GFNIKDTY,IYPTNGYT,ARYYYGFYYFDY,1.21,True
GFNIKDTY,IYPTNGYT,ARWGNYYYYMDY,1.69,True
GFNIKDTY,IYPTNGYT,SRWGGDGFYAMDY,1.94,True
GFNIKDTY,IYPTNGYT,VRWGYGYYYMDY,1.97,True
GFNIKDTY,IYPTNGYT,ARWSYGYYNFDY,1.98,True
GFNIKDTY,IYPTNGYT,SRWHGYGFYAMDY,2.02,True
GFNIKDTY,IYPTNGYT,AVYSPDFYYLGY,2.06,True
GFNIKDTY,IYPTNGYT,ARWGYYYYYMDY,2.28,True
GFNIKDTY,IYPTNGYT,ARWGDYYYYMDY,2.36,True
GFNIKDTY,IYPTNGYT,TRWLEGLSYFMDY,2.4,True
GFNIKDTY,IYPTNGYT,TRYGGRGAYYFDV,2.54,True
GFNIKDTY,IYPTNGYT,ARWPFYGPYNYDY,2.64,True
GFNIKDTY,IYPTNGYT,ARWIDGYSYFMDY,2.64,True
GFNIKDTY,IYPTNGYT,TRYGYGYYYFDY,2.73,True
GFNIKDTY,IYPTNGYT,VRYGYGYYYFDY,2.77,True
GFNIKDTY,IYPTNGYT,TRWGYGYYYMDY,2.85,True
GFNIKDTY,IYPTNGYT,TRYYYGGPYYFDY,2.99,True
GFNIKDTY,IYPTNGYT,ARYGLGDWYYFAY,3.0,True
GFNIKDTY,IYPTNGYT,TRYYYGLYYFDY,3.02,True
GFNIKDTY,IYPTNGYT,ARYGHWYYHFDY,3.17,True
GFNIKDTY,IYPTNGYT,TRYGSYYYYFDY,3.18,True
GFNIKDTY,IYPTNGYT,ARWGMFFYYFAY,3.37,True
GFNIKDTY,IYPTNGYT,ARYEAYGLYPFGY,3.39,True
GFNIKDTY,IYPTNGYT,ARWGYGYYFLDY,3.4,True
GFNIKDTY,IYPTNGYT,ARWLGEGYYNFDY,3.42,True
GFNIKDTY,IYPTNGYT,ARWYGGWYYMDY,3.48,True
GFNIKDTY,IYPTNGYT,SRWGGRGFYAMDY,3.5,True
GFNIKDTY,IYPTNGYT,ARWLAYWYAMDY,3.55,True
GFNIKDTY,IYPTNGYT,TRYGGGYYYFDY,3.59,True
GFNIKDTY,IYPTNGYT,ARWGGYYYYMDY,3.62,True
GFNIKDTY,IYPTNGYT,TRWTYGGYYFVV,3.73,True
GFNIKDTY,IYPTNGYT,ARFGYGFYYFAY,3.94,True
GFNIKDTY,IYPTNGYT,VRYGYYYYYMDY,3.96,True
GFNIKDTY,IYPTNGYT,VRYGGGYYYFDV,3.96,True
GFNIKDTY,IYPTNGYT,ANDIYIQGYDLNR,3.99,True
GFNIKDTY,IYPTNGYT,ARWTAGYTYYMDY,4.09,True
GFNIKDTY,IYPTNGYT,ARWGGNYYYMDY,4.22,True
GFNIKDTY,IYPTNGYT,ARWGSGYYYMDY,4.46,True
GFNIKDTY,IYPTNGYT,TRWGYYGYYAMDY,4.56,True
GFNIKDTY,IYPTNGYT,ARWWYYGYYYFDV,4.67,True
GFNIKDTY,IYPTNGYT,ATYSFGAYYYVF,4.73,True
GFNIKDTY,IYPTNGYT,ARWPGYGSYYMDV,4.83,True
GFNIKDTY,IYPTNGYT,ARWGGNYYVMDY,4.83,True
GFNIKDTY,IYPTNGYT,VRWRSDFYYFDY,4.95,True
GFNIKDTY,IYPTNGYT,ARWYYGWYYWDY,4.95,True
GFNIKDTY,IYPTNGYT,SRWGGPGLYAMDY,5.05,True
GFNIKDTY,IYPTNGYT,ARWRGDGFYAMDY,5.08,True
GFNIKDTY,IYPTNGYT,TRYGYGYYYMDY,5.25,True
GFNIKDTY,IYPTNGYT,ALWGFGWYYFDY,5.31,True
GFNIKDTY,IYPTNGYT,VRYYGDGGYYFDY,5.35,True
GFNIKDTY,IYPTNGYT,TRFRSFFYNFDY,5.4,True
GFNIKDTY,IYPTNGYT,VRYGYGYYYMDY,5.48,True
GFNIKDTY,IYPTNGYT,ARWGDGYYYMDY,5.57,True
GFNIKDTY,IYPTNGYT,AKFSFGAYYYVY,5.57,True
GFNIKDTY,IYPTNGYT,ARWYGAYYHMDY,5.59,True
GFNIKDTY,IYPTNGYT,ARWYYYGYYYFDV,5.66,True
GFNIKDTY,IYPTNGYT,ARYRHWYYDYDY,6.15,True
GFNIKDTY,IYPTNGYT,ARYGGFYYYFDY,6.17,True
GFNIKDTY,IYPTNGYT,ARWYYLGYYYFDY,6.29,True
GFNIKDTY,IYPTNGYT,VRWGGYYYYFDY,6.35,True
GFNIKDTY,IYPTNGYT,ARWWYGGYYYFDY,6.44,True
GFNIKDTY,IYPTNGYT,ARWLYYGYYYFDY,6.5,True
GFNIKDTY,IYPTNGYT,ARYGSYFYYMDY,6.53,True
GFNIKDTY,IYPTNGYT,VRWLGHYYYFDY,6.64,True
GFNIKDTY,IYPTNGYT,SYYRNGAYYYSD,6.69,True
GFNIKDTY,IYPTNGYT,ARWWYGGYYYMDY,6.69,True
GFNIKDTY,IYPTNGYT,TRWYYYGYYMDY,6.72,True
GFNIKDTY,IYPTNGYT,ARWGLDYYVMDY,6.72,True
GFNIKDTY,IYPTNGYT,VRYGGWGFWYFDY,6.76,True
GFNIKDTY,IYPTNGYT,TRYYYYGSYHFDY,6.82,True
GFNIKDTY,IYPTNGYT,ARYYYYSYAMDY,6.9,True
GFNIKDTY,IYPTNGYT,ARWGYSGWYVMDY,6.93,True
GFNIKDTY,IYPTNGYT,ARWYGWYYFDV,7.0,True
GFNIKDTY,IYPTNGYT,ARWEGIGGYYFVY,7.03,True
GFNIKDTY,IYPTNGYT,ARWYYGYYYYFDV,7.04,True
GFNIKDTY,IYPTNGYT,ARYFYDYYYYFDF,7.11,True
GFNIKDTY,IYPTNGYT,ARYGDGYYYYFAY,7.31,True
GFNIKDTY,IYPTNGYT,ARYGGSYFYYYSY,7.31,True
GFNIKDTY,IYPTNGYT,ARWYGYGGYYFDY,7.43,True
GFNIKDTY,IYPTNGYT,ARWGFSMYSFDY,7.5,True
GFNIKDTY,IYPTNGYT,AKYGSSYGHYYFDY,7.54,True
GFNIKDTY,IYPTNGYT,TRNYYDYYYYFDY,7.54,True
GFNIKDTY,IYPTNGYT,ATYGRDYYHFAS,7.55,True
GFNIKDTY,IYPTNGYT,ARWAGDYYVMDY,7.68,True
GFNIKDTY,IYPTNGYT,ARWKGYGHYYMDY,7.69,True
GFNIKDTY,IYPTNGYT,ARWYYGHYYYMDY,7.78,True
GFNIKDTY,IYPTNGYT,ARWGYDYYYMMDV,7.95,True
GFNIKDTY,IYPTNGYT,TRYGTYYYYMDY,7.95,True
GFNIKDTY,IYPTNGYT,ARYYGYGGYYFDY,8.05,True
GFNIKDTY,IYPTNGYT,ARWGGPGYYAFVW,8.08,True
GFNIKDTY,IYPTNGYT,ARWRQDGAYYLDY,8.11,True
GFNIKDTY,IYPTNGYT,ARWGFYYYYFDY,8.16,True
GFNIKDTY,IYPTNGYT,ARYYGYGGYWYDT,8.19,True
GFNIKDTY,IYPTNGYT,ARYGYDFYAMDY,8.19,True
GFNIKDTY,IYPTNGYT,ARWVYGYYYYFDY,8.2,True
GFNIKDTY,IYPTNGYT,ARWYYYGGYYFDY,8.29,True
GFNIKDTY,IYPTNGYT,ARNYYDLYYYFDY,8.41,True
GFNIKDTY,IYPTNGYT,ARYYYDYYYYFDY,8.44,True
GFNIKDTY,IYPTNGYT,ARWGYGGAYYMDY,8.45,True
GFNIKDTY,IYPTNGYT,ARWPGGYYHMDY,8.49,True
GFNIKDTY,IYPTNGYT,ARWFGGYYHMDY,8.52,True
GFNIKDTY,IYPTNGYT,ARWYYYGYYYMDV,8.52,True
GFNIKDTY,IYPTNGYT,TSIFSGGYYGLDS,8.57,True
GFNIKDTY,IYPTNGYT,ARWYGGYYHHDY,8.57,True
GFNIKDTY,IYPTNGYT,ARYGYGYYVMDY,8.65,True
GFNIKDTY,IYPTNGYT,ARWYYYGAYYFDY,8.68,True
GFNIKDTY,IYPTNGYT,TRYGSFHYYYFDV,8.73,True
GFNIKDTY,IYPTNGYT,ARYGYYYYFMDY,8.75,True
GFNIKDTY,IYPTNGYT,TRYGDYNYSLDY,8.77,True
GFNIKDTY,IYPTNGYT,ARWGGYGYYYMDV,8.78,True
GFNIKDTY,IYPTNGYT,ARWGYNYFAMDY,8.78,True
GFNIKDTY,IYPTNGYT,TRFIDNGPYYFDY,8.92,True
GFNIKDTY,IYPTNGYT,ARYYYGLYYFDY,8.96,True
GFNIKDTY,IYPTNGYT,TRWGDYGYVMDY,8.99,True
GFNIKDTY,IYPTNGYT,ARYLSAVYYYMDH,9.08,True
GFNIKDTY,IYPTNGYT,ARYGGGYYYYDY,9.11,True
GFNIKDTY,IYPTNGYT,TRWRGGYYAMDY,9.13,True
GFNIKDTY,IYPTNGYT,TRYASGYFYAFDY,9.14,True
GFNIKDTY,IYPTNGYT,TRYLSYSYAWY,9.15,True
GFNIKDTY,IYPTNGYT,APYGPGYWYGV,9.15,True
GFNIKDTY,IYPTNGYT,TLWGLPMMYVYFF,9.2,True
GFNIKDTY,IYPTNGYT,ARWLYYGLYYFDV,9.22,True
GFNIKDTY,IYPTNGYT,ARWGEFGPYYFDY,9.24,True
GFNIKDTY,IYPTNGYT,ARWTERGFYSFDI,9.28,True
GFNIKDTY,IYPTNGYT,ARYDYGYYIYVS,9.49,True
GFNIKDTY,IYPTNGYT,ARWGGDFYAMDY,9.49,True
GFNIKDTY,IYPTNGYT,ARYGYGYGWYYFDY,9.52,True
GFNIKDTY,IYPTNGYT,ARWGYYGYYYFDV,9.56,True
GFNIKDTY,IYPTNGYT,ARYGYAPGFYYMDV,9.72,True
GFNIKDTY,IYPTNGYT,TRWGGYYYFDY,9.79,True
GFNIKDTY,IYPTNGYT,ARYYGYGGYYMDY,9.91,True
GFNIKDTY,IYPTNGYT,AKFAYYGPYHFDP,10.12,True
GFNIKDTY,IYPTNGYT,ARYGYYLYAMDY,10.12,True
GFNIKDTY,IYPTNGYT,ARWYGYGYYFMDV,10.16,True
GFNIKDTY,IYPTNGYT,ARYYWGNYAFVY,10.2,True
GFNIKDTY,IYPTNGYT,ARYGYYSYAMDY,10.2,True
GFNIKDTY,IYPTNGYT,VRYGYDYYWFDY,10.42,True
GFNIKDTY,IYPTNGYT,ARYGLGYYYMDY,10.49,True
GFNIKDTY,IYPTNGYT,ARFGNSGYQFDY,10.5,True
GFNIKDTY,IYPTNGYT,ARWGGGGYYFMDY,10.5,True
GFNIKDTY,IYPTNGYT,AIYSDGAYFYGR,10.58,True
GFNIKDTY,IYPTNGYT,ARWYGFGGYYFDY,10.69,True
GFNIKDTY,IYPTNGYT,VRYGYGYYAMDY,10.71,True
GFNIKDTY,IYPTNGYT,ARWLGSGYYWFDY,10.9,True
GFNIKDTY,IYPTNGYT,ARYTFGAYYYSD,10.94,True
GFNIKDTY,IYPTNGYT,ARWYYYGRYYFDY,11.0,True
GFNIKDTY,IYPTNGYT,ATWYGGNYHMYP,11.16,True
GFNIKDTY,IYPTNGYT,ARYFGGSYAYVY,11.2,True
GFNIKDTY,IYPTNGYT,ARWYGYYYYFDV,11.24,True
GFNIKDTY,IYPTNGYT,TPYDVLGSYYFRV,11.3,True
GFNIKDTY,IYPTNGYT,TRWGGYGYYAMDY,11.31,True
GFNIKDTY,IYPTNGYT,TRFLIGSYYYDY,11.63,True
GFNIKDTY,IYPTNGYT,SRYYAGGWYYFDY,11.75,True
GFNIKDTY,IYPTNGYT,ARWYGGGYYYMDY,11.84,True
GFNIKDTY,IYPTNGYT,ARWSSGYYYMDY,12.0,True
GFNIKDTY,IYPTNGYT,TRYGGYGYYYMDY,12.0,True
GFNIKDTY,IYPTNGYT,TRYRGPYYYYFDP,12.07,True
GFNIKDTY,IYPTNGYT,VRWGVGAYYNFDY,12.1,True
GFNIKDTY,IYPTNGYT,TRYDYDYYYYFDY,12.21,True
GFNIKDTY,IYPTNGYT,ARYGYGYYYMDY,12.22,True
GFNIKDTY,IYPTNGYT,ARWYYYGGYYFDV,12.49,True
GFNIKDTY,IYPTNGYT,TRYSGYYYYFDY,12.49,True
GFNIKDTY,IYPTNGYT,TRYGGYFYAMDY,12.55,True
GFNIKDTY,IYPTNGYT,STYARDYYHFGS,12.59,True
GFNIKDTY,IYPTNGYT,ARWFYDYYYMDY,12.6,True
GFNIKDTY,IYPTNGYT,ALYGNYSYGFAR,12.6,True
GFNIKDTY,IYPTNGYT,ARWRYGYYYYMDY,12.77,True
GFNIKDTY,IYPTNGYT,ARWGGYYYYFDY,12.8,True
GFNIKDTY,IYPTNGYT,TRWAFDGVYYMDY,12.84,True
GFNIKDTY,IYPTNGYT,TRYYYGLYYYMDV,12.94,True
GFNIKDTY,IYPTNGYT,ARFGSYYYYFDY,13.0,True
GFNIKDTY,IYPTNGYT,ARWGGYYYYFDV,13.0,True
GFNIKDTY,IYPTNGYT,ARWRGDGGYYFDY,13.1,True
GFNIKDTY,IYPTNGYT,VRYGFDGSYYFDP,13.16,True
GFNIKDTY,IYPTNGYT,ARYVGLGGYPLGY,13.21,True
GFNIKDTY,IYPTNGYT,ARYGGGYYYMDY,13.3,True
GFNIKDTY,IYPTNGYT,ARWYYYGYYAMDV,13.33,True
GFNIKDTY,IYPTNGYT,ARWGYYGNYYFDY,13.4,True
GFNIKDTY,IYPTNGYT,ARSYYGFYAMDY,13.4,True
GFNIKDTY,IYPTNGYT,VRWGGYGYYAMDY,13.48,True
GFNIKDTY,IYPTNGYT,ARYGSYNYYFGD,13.57,True
GFNIKDTY,IYPTNGYT,ARWRGYGSYAMDV,13.6,True
GFNIKDTY,IYPTNGYT,ARWWYGGYYFFDY,13.7,True
GFNIKDTY,IYPTNGYT,ARWQGGYYYWDF,13.8,True
GFNIKDTY,IYPTNGYT,ARWYYDYYYMDY,13.88,True
GFNIKDTY,IYPTNGYT,ARYGSSYYYYFDY,13.9,True
GFNIKDTY,IYPTNGYT,TRYGLTFDMDY,13.9,True
GFNIKDTY,IYPTNGYT,ARHFGVASYSFDY,13.92,True
GFNIKDTY,IYPTNGYT,ARYGGYGGYYFDY,14.0,True
GFNIKDTY,IYPTNGYT,AKYGATGWYYFDY,14.12,True
GFNIKDTY,IYPTNGYT,ARYGYYGPYYFDY,14.3,True
GFNIKDTY,IYPTNGYT,ARYGGGYNMDY,14.32,True
GFNIKDTY,IYPTNGYT,TRYGYGGPYWFDY,14.34,True
GFNIKDTY,IYPTNGYT,ARYGSYFYAMDY,14.4,True
GFNIKDTY,IYPTNGYT,ARYRGVWYYDFDN,14.5,True
GFNIKDTY,IYPTNGYT,ARGLEDYYYMDY,14.5,True
GFNIKDTY,IYPTNGYT,ARYGWGYYYFDY,14.65,True
GFNIKDTY,IYPTNGYT,ARYLQLGPYYFDY,14.7,True
GFNIKDTY,IYPTNGYT,ARWYYGYYYWFDV,14.9,True
GFNIKDTY,IYPTNGYT,TRYGSIYDFDY,14.9,True
GFNIKDTY,IYPTNGYT,ARWWGGGAYYFDY,14.9,True
GFNIKDTY,IYPTNGYT,AKYLGQEAYAYFS,14.9,True
GFNIKDTY,IYPTNGYT,ARYYYGYGGYYFDY,14.96,True
GFNIKDTY,IYPTNGYT,ARWLYGGYYFDF,15.0,True
GFNIKDTY,IYPTNGYT,ARYGYGWYYMDY,15.0,True
GFNIKDTY,IYPTNGYT,ARFDPYGYYFSY,15.24,True
GFNIKDTY,IYPTNGYT,VRYGGTYYYFDY,15.4,True
GFNIKDTY,IYPTNGYT,ARWDSGGPYYFDS,15.4,True
GFNIKDTY,IYPTNGYT,AKYGDDNYGFSH,15.43,True
GFNIKDTY,IYPTNGYT,ATYGYGYYYFDY,15.49,True
GFNIKDTY,IYPTNGYT,ARYGLYYYYFDY,15.51,True
GFNIKDTY,IYPTNGYT,TRWDGYYYVMDY,15.57,True
GFNIKDTY,IYPTNGYT,TRWWLAYDFDY,15.57,True
GFNIKDTY,IYPTNGYT,ARYGSRYYYYFDY,15.7,True
GFNIKDTY,IYPTNGYT,ARYGLGYYYFDY,15.7,True
GFNIKDTY,IYPTNGYT,ARYGSGYYYYFDY,15.7,True
GFNIKDTY,IYPTNGYT,ARWLAGYNYYFDV,15.74,True
GFNIKDTY,IYPTNGYT,ARYTYFGSFDFDY,15.76,True
GFNIKDTY,IYPTNGYT,ARWLRALGYYMDY,15.85,True
GFNIKDTY,IYPTNGYT,SRWYYDYYAMDY,15.99,True
GFNIKDTY,IYPTNGYT,VRWYGYGYYYMDY,16.01,True
GFNIKDTY,IYPTNGYT,TPYATDYYHFAS,16.05,True
GFNIKDTY,IYPTNGYT,ARWYYGYAYYMDY,16.17,True
GFNIKDTY,IYPTNGYT,TTFYYASFAYYP,16.21,True
GFNIKDTY,IYPTNGYT,ARYGGYYYYMDY,16.3,True
GFNIKDTY,IYPTNGYT,ARYWGLGGYYFDH,16.48,True
GFNIKDTY,IYPTNGYT,VRYGFYGYYYFDY,16.5,True
GFNIKDTY,IYPTNGYT,ARYYYYGYYFAY,16.6,True
GFNIKDTY,IYPTNGYT,AKYGRSNYGFEH,16.75,True
GFNIKDTY,IYPTNGYT,ARWLAFGYYAMDY,16.77,True
GFNIKDTY,IYPTNGYT,AKYINAYSYAFFD,16.95,True
GFNIKDTY,IYPTNGYT,ATYSPGAYYYGP,17.25,True
GFNIKDTY,IYPTNGYT,ARYSGYGLYPYAY,17.41,True
GFNIKDTY,IYPTNGYT,AKYAYYGDFWGSV,17.47,True
GFNIKDTY,IYPTNGYT,ARWYVSYDYDV,17.6,True
GFNIKDTY,IYPTNGYT,AAHSDYYYYLVF,17.79,True
GFNIKDTY,IYPTNGYT,ARYPGYYYYFDY,17.86,True
GFNIKDTY,IYPTNGYT,ARYGYGYYFFDY,17.9,True
GFNIKDTY,IYPTNGYT,TRYGAPYFYFDY,17.97,True
GFNIKDTY,IYPTNGYT,SGNGGGFYSIPY,18.25,True
GFNIKDTY,IYPTNGYT,TRYEYQDYYHFDY,18.46,True
GFNIKDTY,IYPSNGYT,ARYGGSYAYYFYY,18.6,True
GFNIKDTY,IYPTNGYT,ARYGAYFYAMDA,18.61,True
GFNIKDTY,IYPTNGYT,ARWYGQVFYAMDY,18.64,True
GFNIKDTY,IYPTNGYT,AKYGSNYYYLGS,18.74,True
GFNIKDTY,IYPTNGYT,ARYYGVGPYSMDV,19.0,True
GFNIKDTY,IYPTNGYT,TRNSFGFYAMDY,19.0,True
GFNIKDTY,IYPTNGYT,ARWYGGYYMYDY,19.06,True
GFNIKDTY,IYPTNGYT,ARWGYGGYYYFDY,19.1,True
GFNIKDTY,IYPTNGYT,AKYSFGGYYYGD,19.13,True
GFNIKDTY,IYPTNGYT,ASYGLDGYYYFDV,19.29,True
GFNIKDTY,IYPTNGYT,ARWNYYGYYYFDY,19.38,True
GFNIKDTY,IYPTNGYT,ARWGYDYYYAMDY,19.4,True
GFNIKDTY,IYPTNGYT,ARYYSYGQYAFDP,19.42,True
GFNIKDTY,IYPTNGYT,ARYGGGGRYYFDY,19.6,True
GFNIKDTY,IYPTNGYT,ARYWYGGYYYFDY,19.66,True
GFNIKDTY,IYPTNGYT,TRWLYYSAYYFDF,19.75,True
GFNIKDTY,IYPTNGYT,ARYAHYGPYYFDF,19.8,True
GFNIKDTY,IYPTNGYT,AAYTNTFYYLVY,19.84,True
GFNIKDTY,IYPTNGYT,VRYGSDVYYYFDI,19.87,True
GFNIKDTY,IYPTNGYT,ARWLTGLSYNWDY,20.01,True
GFNIKDTY,IYPTNGYT,VRYYYGHYAMDY,20.04,True
GFNIKDTY,IYPTNGYT,ARWYYGGYYAMDY,20.1,True
GFNIKDTY,IYPTNGYT,ARYYGYGYYYFHY,20.18,True
GFNIKDTY,IYPTNGYT,ARWGYGLYFFDY,20.28,True
GFNIKDTY,IYPTNGYT,ARYGVVRYDFAY,20.47,True
GFNIKDTY,IYPTNGYT,ARWGSIGYYAFDH,20.5,True
GFNIKDTY,IYPTNGYT,ALYNYYYYAFGF,20.56,True
GFNIKDTY,IYPTNGYT,ARWGGYGGYYFDY,20.59,True
GFNIKDTY,IYPTNGYT,ARYYYGWYAMDY,20.6,True
GFNIKDTY,IYPTNGYT,ARYGNYYYYYFDY,21.0,True
GFNIKDTY,IYPTNGYT,ARWGYGYSYYFDV,21.1,True
GFNIKDTY,IYPTNGYT,ARYTSVGIYAFNY,21.5,True
GFNIKDTY,IYPTNGYT,ARYSYYGYMMDY,21.61,True
GFNIKDTY,IYPTNGYT,ARYWMGVYEFDY,21.67,True
GFNIKDTY,IYPTNGYT,ARWEDYYYMDY,21.82,True
GFNIKDTY,IYPTNGYT,VRYGGDYYYFDY,21.87,True
GFNIKDTY,IYPTNGYT,ARWPYGYYYYMDY,21.88,True
GFNIKDTY,IYPTNGYT,TRFMSGLYFFDY,21.89,True
GFNIKDTY,IYPTNGYT,ARYGYGYFYMDY,21.9,True
GFNIKDTY,IYPTNGYT,TRWNYDGAYFFDY,21.93,True
GFNIKDTY,IYPTNGYT,ARYRGRGFYSFDY,21.96,True
GFNIKDTY,IYPTNGYT,ARWYWYGAYYFDY,22.0,True
GFNIKDTY,IYPTNGYT,ARWGYYGYYWFDY,22.15,True
GFNIKDTY,IYPTNGYT,TRYGYYGYYFDY,22.16,True
GFNIKDTY,IYPTNGYT,ARYGYDGYYFAY,22.2,True
GFNIKDTY,IYPTNGYT,ARYPSVVYAFGI,22.27,True
GFNIKDTY,IYPTNGYT,ARYYYGSYAMDV,22.29,True
GFNIKDTY,IYPTNGYT,ARYGGGFYAMDY,22.36,True
GFNIKDTY,IYPTNGYT,TRYAGRVGGYFFDY,22.45,True
GFNIKDTY,IYPTNGYT,ATWHYGGYFMSG,22.45,True
GFNIKDTY,IYPTNGYT,ARWGYYYYAMDY,22.58,True
GFNIKDTY,IYPTNGYT,ARHYYYGYYYFDV,22.6,True
GFNIKDTY,IYPTNGYT,ATYSTYYNYAFGI,22.6,True
GFNIKDTY,IYPTNGYT,TRYLHDYYYYFDY,22.7,True
GFNIKDTY,IYPTNGYT,AVSADIMYGVSV,22.87,True
GFNIKDTY,IYPTNGYT,VRYFYDGNYYFDL,22.93,True
GFNIKDTY,IYPTNGYT,ARFDGPFYYAFAY,22.96,True
GFNIKDTY,IYPTNGYT,ARYRGYVLYDFAY,23.07,True
GFNIKDTY,IYPTNGYT,ARENDGSPGSFEY,23.14,True
GFNIKDTY,IYPTNGYT,AVTDLDGLHSYRY,23.3,True
GFNIKDTY,IYPTNGYT,ARYGYYGYYMDY,23.3,True
GFNIKDTY,IYPTNGYT,ARYGGGYWYFDY,23.4,True
GFNIKDTY,IYPTNGYT,ARYPPGYYIMDF,23.53,True
GFNIKDTY,IYPTNGYT,ARFGGYYYYFDY,23.54,True
GFNIKDTY,IYPTNGYT,TRYYDGAGPYYMDY,23.65,True
GFNIKDTY,IYPTNGYT,TRYYYGSGYFFDY,23.87,True
GFNIKDTY,IYPTNGYT,ARYGTIYFHFDY,23.89,True
GFNIKDTY,IYPTNGYT,ARWYGYGYYAMDV,23.93,True
GFNIKDTY,IYPTNGYT,ARWGYGGYYYFDV,23.98,True
GFNIKDTY,IYPTNGYT,TRYYYGSYYFDY,24.03,True
GFNIKDTY,IYPTNGYT,VTYGTTYYHFGS,24.08,True
GFNIKDTY,IYPTNGYT,ARYDPYGFYHLDY,24.24,True
GFNIKDTY,IYPTNGYT,ARWGGNYYYFDY,24.5,True
GFNIKDTY,IYPTNGYT,VRYGYGDYYYFDY,25.08,True
GFNIKDTY,IYPTNGYT,TRWGYDYWYFFDY,25.17,True
GFNIKDTY,IYPTNGYT,ARWGYGYYYFDY,25.2,True
GFNIKDTY,IYPTNGYT,AKYGGVGYYAMDY,25.2,True
GFNIKDTY,IYPTNGYT,TRYGGGYYAMDY,25.29,True
GFNIKDTY,IYPTNGYT,ARYSAYGLYDFAY,25.5,True
GFNIKDTY,IYPTNGYT,ALPDYGHDAATG,25.6,True
GFNIKDTY,IYPTNGYT,ARWWGGGYYYFDY,25.71,True
GFNIKDTY,IYPTNGYT,ARYLTAYQYFFYY,25.9,True
GFNIKDTY,IYPTNGYT,ARWYGYGYYFDV,25.95,True
GFNIKDTY,IYPTNGYT,ARWGGDGSYYFDY,26.06,True
GFNIKDTY,IYPTNGYT,VRYYGYWYYFDY,26.13,True
GFNIKDTY,IYPTNGYT,ARYGGRGYYSFDY,26.24,True
GFNIKDTY,IYPTNGYT,ARYGTGNYAMDY,26.3,True
GFNIKDTY,IYPTNGYT,ARWGGGGYYFFDY,26.3,True
GFNIKDTY,IYPTNGYT,ARWGYDYYYFAY,26.5,True
GFNIKDTY,IYPTNGYT,ARWGYDYYYYFDV,26.7,True
GFNIKDTY,IYPTNGYT,ARYGYHGGGYFYAY,26.77,True
GFNIKDTY,IYPTNGYT,ARYGRGYYYFDY,26.8,True
GFNIKDTY,IYPTNGYT,VRYGNSYYYDY,26.88,True
GFNIKDTY,IYPTNGYT,VRFYYDYYFDY,26.9,True
GFNIKDTY,IYPTNGYT,ARYDIGYYDMDK,26.97,True
GFNIKDTY,IYPTNGYT,AATYGGLGDMSSI,27.0,True
GFNIKDTY,IYPTNGYT,ARYGVYPFYYFDY,27.0,True
GFNIKDTY,IYPTNGYT,SIWERTGQYSYTS,27.1,True
GFNIKDTY,IYPTNGYT,ARNYVYWYGMTV,27.51,True
GFNIKDTY,IYPTNGYT,AKYGTSNYGFSH,27.6,True
GFNIKDTY,IYPTNGYT,ARWERYGYYVLDV,27.9,True
GFNIKDTY,IYPTNGYT,ARWGYGGYYFFDY,27.9,True
GFNIKDTY,IYPTNGYT,ARYGAYSSYYFGY,27.97,True
GFNIKDTY,IYPTNGYT,ARYFGGSYAYGR,27.99,True
GFNIKDTY,IYPTNGYT,ARWLYYGYYFDY,28.04,True
GFNIKDTY,IYPTNGYT,ARWGYGWSYYFDY,28.3,True
GFNIKDTY,IYPTNGYT,SRWRGSNYYFDY,28.77,True
GFNIKDTY,IYPTNGYT,ARYLSYSYAWNY,28.92,True
GFNIKDTY,IYPTNGYT,ARWRDGGYYYFDY,29.2,True
GFNIKDTY,IYPTNGYT,TRYYGDGYYDFDY,29.24,True
GFNIKDTY,IYPTNGYT,ARYFYDHYYYFDV,29.72,True
GFNIKDTY,IYPTNGYT,ARYYDDTIYSFY,29.85,True
GFNIKDTY,IYPTNGYT,ARYYYDYGYYFDV,30.0,True
GFNIKDTY,IYPTNGYT,TLWFWDTGRFDFEY,30.0,True
GFNIKDTY,IYPTNGYT,ARGYYYYFYYNY,30.31,True
GFNIKDTY,IYPTNGYT,ARWGSYGYYYFDY,30.9,True
GFNIKDTY,IYPTNGYT,ARYYYGVYYYFDY,30.9,True
GFNIKDTY,IYPTNGYT,ARHYDYGRYYMDV,30.94,True
GFNIKDTY,IYPTNGYT,ARWGGFGYYYFDY,31.0,True
GFNIKDTY,IYPTNGYT,SRWGGVGKYAMDY,31.2,True
GFNIKDTY,IYPTNGYT,ARYGGGYYYYFDV,31.4,True
GFNIKDTY,IYPTNGYT,ARWYYGSYYYFDV,32.0,True
GFNIKDTY,IYPTNGYT,VRYGRDYYWFGP,32.21,True
GFNIKDTY,IYPTNGYT,TRTTLGFYAMDY,32.3,True
GFNIKDTY,IYPTNGYT,ARYGGAGYYLDY,32.39,True
GFNIKDTY,IYPTNGYT,ARWGGYGYYYFDV,32.49,True
GFNIKDTY,IYPTNGYT,ARWYYGGAYYFDF,32.81,True
GFNIKDTY,IYPTNGYT,ARWGSEAFYWFDY,32.84,True
GFNIKDTY,IYPTNGYT,TRFPYGSYYFDY,33.0,True
GFNIKDTY,IYPTNGYT,APWWSGWYYFFDT,33.0,True
GFNIKDTY,IYPTNGYT,TRYYDGYYAMDY,33.1,True
GFNIKDTY,IYPTNGYT,ARYPNYGFYMFDY,33.31,True
GFNIKDTY,IYPTNGYT,ARGYYYYQWYYY,33.57,True
GFNIKDTY,IYPTNGYT,ARWRDYYYYFDY,33.8,True
GFNIKDTY,IYPTNGYT,ARWVSGARYYMDV,33.8,True
GFNIKDTY,IYPTNGYT,AAYGPQGYAFAV,33.82,True
GFNIKDTY,IYPTNGYT,ARWYGYDYFMDY,34.25,True
GFNIKDTY,IYPTNGYT,ARYYGGLYYFDY,34.38,True
GFNIKDTY,IYPTNGYT,ARFGGAGGYYFDY,35.04,True
GFNIKDTY,IYPTNGYT,ARYLSYSYAWFY,35.08,True
GFNIKDTY,IYPTNGYT,AGYWYGSYSFDY,35.36,True
GFNIKDTY,IYPTNGYT,TRYRGAHGYYFDY,35.47,True
GFNIKDTY,IYPTNGYT,TTYDSGYYIYGT,35.5,True
GFNIKDTY,IYPTNGYT,ARWYYGGSYYFDY,35.77,True
GFNIKDTY,IYPTNGYT,ARYGDADFYAFDP,35.82,True
GFNIKDTY,IYPTNGYT,ARYIFGGPYYFDY,36.04,True
GFNIKDTY,IYPTNGYT,ASYYDYYYAFGT,36.08,True
GFNIKDTY,IYPTNGYT,SRWEGDGKYAMDY,36.13,True
GFNIKDTY,IYPTNGYT,ARFPVSSYAYGF,36.2,True
GFNIKDTY,IYPTNGYT,ARYGDYGYYYFDY,36.22,True
GFNIKDTY,IYPTNGYT,VRYPEVYGYYFDY,36.28,True
GFNIKDTY,IYPTNGYT,ANVGSSLGIAALD,36.72,True
GFNIKDTY,IYPTNGYT,SYPDFGYYVYFAY,36.76,True
GFNIKDTY,IYPTNGYT,AKYAFGGWSYSP,37.7,True
GFNIKDTY,IYPTNGYT,ARASWYWYGGDK,37.78,True
GFNIKDTY,IYPTNGYT,AKYTRGFSYGFGY,37.82,True
GFNIKDTY,IYPTNGYT,ARWGGSGYYAMDY,37.83,True
GFNIKDTY,IYPTNGYT,ARWGYGYYYSFDY,37.95,True
GFNIKDTY,IYPTNGYT,ARYGRNGSYSYDY,38.2,True
GFNIKDTY,IYPTNGYT,AKFERGYYSFDFG,38.28,True
GFNIKDTY,IYPTNGYT,ARWEGDGSYSMDY,38.66,True
GFNIKDTY,IYPTNGYT,SRWGVDGYYAMDY,38.77,True
GFNIKDTY,IYPTNGYT,ARYGYGYYYYFDY,39.1,True
GFNIKDTY,IYPTNGYT,ARYYYGNYAMDV,39.22,True
GFNIKDTY,IYPTNGYT,ARYADYQFHFDN,39.59,True
GFNIKDTY,IYPTNGYT,ARWYGYGYYLFDV,39.6,True
GFNIKDTY,IYPTNGYT,AASADFMYGVIR,39.62,True
GFNIKDTY,IYPTNGYT,ARYYWDYFYYFDY,39.66,True
GFNIKDTY,IYPTNGYT,ARYPGGGIYDFDP,39.91,True
GFNIKDTY,IYPTNGYT,ARYGGYGYYWFDY,40.0,True
GFNIKDTY,IYPTNGYT,ARWLRGLGYYWDY,40.11,True
GFNIKDTY,IYPTNGYT,ARYPEDFYYFDV,40.24,True
GFNIKDTY,IYPTNGYT,ARYGDSYYYYFDY,40.6,True
GFNIKDTY,IYPTNGYT,ARYGPYYYYAMDY,41.25,True
GFNIKDTY,IYPTNGYT,AINLRGYWMDN,41.5,True
GFNIKDTY,IYPTNGYT,TRYDTGMYDWGT,41.53,True
GFNIKDTY,IYPTNGYT,TRYYGGYGYYFDY,41.57,True
GFNIKDTY,IYPTNGYT,ARNYYDYYYYLDY,41.61,True
GFNIKDTY,IYPTNGYT,VRWGRYGVYYFDY,41.63,True
GFNIKDTY,IYPTNGYT,SRWVGDGSYAMDY,41.67,True
GFNIKDTY,IYPTNGYT,ARYYYGSGSYAMDV,42.1,True
GFNIKDTY,IYPTNGYT,ARYGGYGNYWFDT,42.12,True
GFNIKDTY,IYPTNGYT,ARGGYGYYTWFDY,42.13,True
GFNIKDTY,IYPTNGYT,AGSSASGWYHYTT,42.25,True
GFNIKDTY,IYPTNGYT,ARYGTGTYYYFLH,42.25,True
GFNIKDTY,IYPTNGYT,ARWEGYGSYEFAY,42.45,True
GFNIKDTY,IYPTNGYT,ARYLSYSYAWDN,42.61,True
GFNIKDTY,IYPTNGYT,ARYYYDFGYYFDY,42.75,True
GFNIKDTY,IYPTNGYT,ARFGISGYYWDV,42.78,True
GFNIKDTY,IYPTNGYT,ARYGGLGGYTLAY,42.87,True
GFNIKDTY,IYPTNGYT,AQNWDRGSYFYTY,43.05,True
GFNIKDTY,IYPTNGYT,AANAAIFAAWGA,43.07,True
GFNIKDTY,IYPTNGYT,TRTRSGAYFFDY,43.4,True
GFNIKDTY,IYPTNGYT,ARYGARSGYAYEY,45.1,True
GFNIKDTY,IYPTNGYT,ARDGHYFTYDY,45.12,True
GFNIKDTY,IYPTNGYT,VKYGGGYSFDY,45.12,True
GFNIKDTY,IYPTNGYT,ARNYYYGAYYFDY,45.51,True
GFNIKDTY,IYPTNGYT,ASVDLGGFYDFRY,46.1,True
GFNIKDTY,IYPTNGYT,AITFYGYTIVWEY,46.1,True
GFNIKDTY,IYPTNGYT,ARYYGYYYAFDY,46.3,True
GFNIKDTY,IYPTNGYT,ARWGGYGYYWFDY,46.69,True
GFNIKDTY,IYPTNGYT,ARWSGASFYAMDY,47.98,True
GFNIKDTY,IYPTNGYT,ARSGTQYSFDY,48.1,True
GFNIKDTY,IYPTNGYT,ARWQGRSGYYMDY,48.33,True
GFNIKDTY,IYPTNGYT,ARWLDYFYYAMDY,48.72,True
GFNIKDTY,IYPTNGYT,ARMSYYFYYMDY,48.88,True
GFNIKDTY,IYPTNGYT,AAWYSTYYFDY,49.4,True
GFNIKDTY,IYPTNGYT,AYTGAPHGGYHYYAY,49.44,True
GFNIKDTY,IYPTNGYT,ARSGGHGVNGHWRSF,49.8,True
GFNIKDTY,IYPTNGYT,ARWHYDVGFYFDY,49.87,True
GFNIKDTY,IYPTNGYT,ARYGVVYVMDY,49.93,True
GFNIKDTY,IYPTNGYT,ARYGYDYYYYFDV,50.0,True
GFNIKDTY,IYPTNGYT,AKYVLVGSYGV,50.15,True
GFNIKDTY,IYPTNGYT,SIYGTDYYWFAD,50.39,True
GFNIKDTY,IYPTNGYT,VRWGYYGVFYAMDY,50.78,True
GFNIKDTY,IYPTNGYT,ARFGPAYFYGFYY,50.85,True
GFNIKDTY,IYPTNGYT,ARYMRPAFYPFLY,50.86,True
GFNIKDTY,IYPTNGYT,ARGGYYGYWYYFDY,51.23,True
GFNIKDTY,IYPTNGYT,ARYGSGYYGLDY,51.48,True
GFNIKDTY,IYPTNGYT,SRWYGDYFAMDY,51.78,True
GFNIKDTY,IYPTNGYT,ARWGSGNYYEFDY,52.01,True
GFNIKDTY,IYPTNGYT,ATNAFGLWSYGF,52.8,True
GFNIKDTY,IYPTNGYT,ARWYYGSYYFDY,53.22,True
GFNIKDTY,IYPTNGYT,ARYGVYGYAMDY,53.32,True
GFNIKDTY,IYPTNGYT,ASYGSGSYFSFPL,53.93,True
GFNIKDTY,IYPTNGYT,ARYGYGAYYYFDY,54.01,True
GFNIKDTY,IYPTNGYT,ARYLSYSYAWDY,54.78,True
GFNIKDTY,IYPTNGYT,TRYYSGHYYSFDY,56.27,True
GFNIKDTY,IYPTNGYT,ARHGSYYYDFDF,56.64,True
GFNIKDTY,IYPTNGYT,TRYFYDFPYMDY,56.81,True
GFNIKDTY,IYPTNGYT,ARYGGDYYYYYDY,56.99,True
GFNIKDTY,IYPTNGYT,ARYGGGYYYYYDY,57.56,True
GFNIKDTY,IYPTNGYT,TRYGSFGYYALDS,57.63,True
GFNIKDTY,IYPTNGYT,ARYGGLSYYSFDL,58.1,True
GFNIKDTY,IYPTNGYT,TRYYYYWYAMDY,58.63,True
GFNIKDTY,IYPTNGYT,TRYFGAYWYWMDY,59.06,True
GFNIKDTY,IYPTNGYT,AKFHWGEDWLSDN,59.1,True
GFNIKDTY,IYPTNGYT,ARYGYYGYWFDY,59.39,True
GFNIKDTY,IYPTNGYT,ARYLSYSFAWDY,59.91,True
GFNIKDTY,IYPTNGYT,VKHGIDYYWYGD,60.14,True
GFNIKDTY,IYPTNGYT,AGSVAEGWYHYRD,60.3,True
GFNIKDTY,IYPTNGYT,ARYYGSSSYYFAY,60.62,True
GFNIKDTY,IYPTNGYT,ARSGYPGYGSFAY,60.72,True
GFNIKDTY,IYPTNGYT,ARYHNTGYFWGA,60.95,True
GFNIKDTY,IYPTNGYT,ARYYDYGYTFDY,61.21,True
GFNIKDTY,IYPTNGYT,MKYARDYYHFGE,61.52,True
GFNIKDTY,IYPTNGYT,ASYMGIVGYYPG,62.3,True
GFNIKDTY,IYPTNGYT,ARTVVGWYGRFDY,63.64,True
GFNIKDTY,IYPTNGYT,ARNSGTGIWAFAY,65.0,True
GFNIKDTY,IYPTNGYT,ARWGGTYYYAMDY,65.33,True
GFNIKDTY,IYPTNGYT,ARYGTYGYAMDY,65.47,True
GFNIKDTY,IYPTNGYT,ARWPPYYWWAFDY,65.58,True
GFNIKDTY,IYPTNGYT,SRTTYASHSFYY,66.01,True
GFNIKDTY,IYPTNGYT,ARWGNVGYYVLDY,66.61,True
GFNIKDTY,IYPTNGYT,ARAGGTSISLGHG,67.0,True
GFNIKDTY,IYPTNGYT,ARYGDAFIMSFGV,67.4,True
GFNIKDTY,IYPTNGYT,APWGTYRYGYFDH,67.6,True
GFNIKDTY,IYPTNGYT,ARNYYGSYAMDV,68.3,True
GFNIKDTY,IYPTNGYT,ARYSYGAFYYSI,70.39,True
GFNIKDTY,IYPTNGYT,AVYGPYGGFSYDS,70.7,True
GFNIKDTY,IYPTNGYT,ARWYYGTSYYFDV,70.95,True
GFNIKDTY,IYPTNGYT,VYYYEAGSYYFDG,71.04,True
GFNIKDTY,IYPTNGYT,ARYYVGYYAMDY,71.57,True
GFNIKDTY,IYPTNGYT,AIWSMYDVGYYPF,71.77,True
GFNIKDTY,IYPTNGYT,ARYGLYGSYYFRY,71.8,True
GFNIKDTY,IYPTNGYT,ARYGGSSYYYYDY,72.34,True
GFNIKDTY,IYPTNGYT,ARWYSGYYYAMDY,72.84,True
GFNIKDTY,IYPTNGYT,ARYYGYYYYMDY,74.3,True
GFNIKDTY,IYPTNGYT,ARYSYYRYYFE,74.61,True
GFNIKDTY,IYPTNGYT,ARYLTDADFRLHY,75.07,True
GFNIKDTY,IYPTNGYT,AKYGSRSYGFAP,75.95,True
GFNIKDTY,IYPTNGYT,ARNYYGYYAMDY,76.18,True
GFNIKDTY,IYPTNGYT,AQWYDYGGTYLDY,76.87,True
GFNIKDTY,IYPTNGYT,TDYNSGSYAFSI,77.4,True
GFNIKDTY,IYPTNGYT,ARYPYGYYAMDY,78.13,True
GFNIKDTY,IYPTNGYT,TRWRWGYGYYFDF,78.14,True
GFNIKDTY,IYPTNGYT,ARYWYGSYVFDY,78.32,True
GFNIKDTY,IYPTNGYT,ARYYGGGGYYMDY,79.05,True
GFNIKDTY,IYPTNGYT,AADGYRGTYSF,79.19,True
GFNIKDTY,IYPTNGYT,SRYGRGVYYYFDY,79.66,True
GFNIKDTY,IYPTNGYT,TRGYSYFYAMDY,80.03,True
GFNIKDTY,IYPTNGYT,TRYSRSYYYGLDP,80.1,True
GFNIKDTY,IYPTNGYT,AQSGSYFYPFSY,83.2,True
GFNIKDTY,IYPTNGYT,ARPSYDVGGDMLF,83.25,True
GFNIKDTY,IYPTNGYT,ARYVTANTYSYDP,83.55,True
GFNIKDTY,IYPTNGYT,ARYYYSGYYMSV,85.23,True
GFNIKDTY,IYPTNGYT,ALYKRYDYAFGY,86.63,True
GFNIKDTY,IYPTNGYT,ARWGTYTYGYFDY,88.13,True
GFNIKDTY,IYPTNGYT,ARWARGAGYYWDY,89.59,True
GFNIKDTY,IYPTNGYT,ARFDRYGYYLGT,90.06,True
GFNIKDTY,IYPTNGYT,ARYPSGYYYYFDY,90.13,True
GFNIKDTY,IYPTNGYT,ARASWNWYGGDY,92.91,True
GFNIKDTY,IYPTNGYT,ATYLSYSYAWQF,94.79,True
GFNIKDTY,IYPTNGYT,AFPWAGHYMER,94.98,True
GFNIKDTY,IYPTNGYT,ARGYYHYYHYQY,95.07,True
GFNIKDTY,IYPTNGYT,VRYYRGYYYFDY,96.44,True
GFNIKDTY,IYPTNGYT,ARYGGSSYYYFDY,97.17,True
GFNIKDTY,IYPTNGYT,ARYGDGTYYFFAH,97.3,True
GFNIKDTY,IYPTNGYT,ARGYSGDWPYETFYV,97.35,True
GFNIKDTY,IYPTNGYT,AKYDTAGSYHFDV,97.71,True
GFNIKDTY,IYPTNGYT,AFADSGAYGIWSF,98.42,True
GFNIKDTY,IYPTNGYT,ARYDYYGYYYFDY,98.95,True
GFNIKDTY,IYPTNGYT,ARFGTGYPGYYFDY,99.83,True
GFNIKDTY,IYPTNGYT,ARYQAYDNSYGV,101.66,True
GFNIKDTY,IYPTNGYT,ARSYAYLYGSWDY,102.0,True
GFNIKDTY,IYPTNGYT,ARYHFSGYFMDA,103.01,True
GFNIKDTY,IYPTNGYT,ARDGGRSYYSFYY,103.61,True
GFNIKDTY,IYPTNGYT,TRNVVNLYYSYDS,104.06,True
GFNIKDTY,IYPTNGYT,TRYDRGYYIMGE,105.71,True
GFNIKDTY,IYPTNGYT,ARYYSYGGYYFDY,105.85,True
GFNIKDTY,IYPTNGYT,ARYGRDYYYFDV,105.96,True
GFNIKDTY,IYPTNGYT,AASEGFYAATYAYGV,106.52,True
GFNIKDTY,IYPTNGYT,ARNGYYGGYAFDY,108.6,True
GFNIKDTY,IYPTNGYT,AKYVASGYSLA,108.95,True
GFNIKDTY,IYPTNGYT,VLSRIVVSYFYDY,109.2,True
GFNIKDTY,IYPSNGYT,ARYYGGSMYYYGY,109.22,True
GFNIKDTY,IYPTNGYT,ARYYSYFDY,109.55,True
GFNIKDTY,IYPTNGYT,SRIRRWGFYYFDY,110.57,True
GFNIKDTY,IYPTNGYT,ARGFVYAGIPFDY,112.0,True
GFNIKDTY,IYPTNGYT,ARYYSDYSYTFSY,112.19,True
GFNIKDTY,IYPTNGYT,ARYHYSGYFMDS,112.72,True
GFNIKDTY,IYPTNGYT,AAYWYGVYVFRY,112.85,True
GFNIKDTY,IYPTNGYT,ARSEWFWGSFAY,114.0,True
GFNIKDTY,IYPTNGYT,ARSHYGYYDYYTDF,115.5,True
GFNIKDTY,IYPTNGYT,TLNGPLYWMWTL,115.95,True
GFNIKDTY,IYPTNGYT,ARWWYGGRNYFDI,116.13,True
GFNIKDTY,IYPTNGYT,ARYPDYYYAMDY,117.26,True
GFNIKDTY,IYPTNGYT,ATWPHINTRIYAFDP,117.3,True
GFNIKDTY,IYPTNGYT,ATGPYTVYSYPY,119.72,True
GFNIKDTY,IYPTNGYT,ARYRGGYGGYVFDP,119.82,True
GFNIKDTY,IYPTNGYT,TRSGELYGYFHDM,119.89,True
GFNIKDTY,IYPTNGYT,ARNYYGSYYFDY,119.89,True
GFNIKDTY,IYPTNGYT,ARWATALGYYWDY,121.09,True
GFNIKDTY,IYPTNGYT,ARWGGYGWYGFDY,123.1,True
GFNIKDTY,IYPTNGYT,ARDGGGGFYAYDY,124.16,True
GFNIKDTY,IYPTNGYT,TAGGPNIYSYTW,124.22,True
GFNIKDTY,IYPTNGYT,ARFSGYGAYDYAY,124.99,True
GFNIKDTY,IYPTNGYT,ARDGYPQYGGYGY,126.77,True
GFNIKDTY,IYPTNGYT,ARYGRDGSYYFDY,127.5,True
GFNIKDTY,IYPTNGYT,AGYEGYGLYPFAY,128.1,True
GFNIKDTY,IYPTNGYT,ATYYGPYYYAMDY,128.37,True
GFNIKDTY,IYPTNGYT,ARSNYYYGSGFAY,128.79,True
GFNIKDTY,IYPTNGYT,ARGYFGGYYFAY,130.44,True
GFNIKDTY,IYPTNGYT,SRWGGEGYHAMDY,130.61,True
GFNIKDTY,IYPTNGYT,ITYYDFSYYFEF,131.32,True
GFNIKDTY,IYPTNGYT,VRLGDYGGYAMDY,131.5,True
GFNIKDTY,IYPTNGYT,AKYGRSDYGFEH,133.0,True
GFNIKDTY,IYPTNGYT,ARWWTPANYPFLY,133.0,True
GFNIKDTY,IDPANGYT,ARVGGRGYYYYDY,133.97,True
GFNIKDTY,IYPTNGYT,ARSHIGYYGQVAL,134.47,True
GFNIKDTY,IYPTNGYT,ARFLYGSYYFDY,134.93,True
GFNIKDTY,IYPTNGYT,ASYYAPGSYGFDP,135.02,True
GFNIKDTY,IYPTNGYT,HYGTLGSWYGL,135.18,True
GFNIKDTY,IYPTNGYT,ARYGLNHYYVYPY,135.31,True
GFNIKDTY,IYPTNGYT,ARSYFRFTGDFFY,135.37,True
GFNIKDTY,IYPTNGYT,AMNVRGFYGFDH,136.32,True
GFNIKDTY,IYPTNGYT,ARFYGGYYGMDV,138.5,True
GFNIKDTY,IYPTNGYT,ARYGSGSYGLDY,139.36,True
GFNIKDTY,IYPTNGYT,ARWWGYGYYYFAY,139.75,True
GFNIKDTY,IYPTNGYT,SRYYDYNYYFMDY,141.43,True
GFNIKDTY,IYPTNGYT,AENQVGSYAYDF,144.12,True
GFNIKDTY,IYPTNGYT,ARDGGSSSYSYSY,146.32,True
GFNIKDTY,IYPTNGYT,VRGYGYNFYYHGFSY,146.5,True
GFNIKDTY,IYPTNGYT,ARHHYSGYFHDV,147.86,True
GFNIKDTY,IYPTNGYT,ARTTSSIPSSFDY,148.77,True
GFNIKDTY,IYPTNGYT,ARLWYGGYYYYFDY,148.97,True
GFNIKDTY,IYPTNGYT,ARYRYGYYYYMDV,150.36,True
GFNIKDTY,IYPTNGYT,ARYGSLTYYAMHY,151.1,True
GFNIKDTY,IYPTNGYT,ARFDLVGAFDY,151.44,True
GFNIKDTY,IYPTNGYT,ARYYYLDYYYFDY,152.88,True
GFNIKDTY,IYPTNGYT,ARDGYPFYSGMDY,153.52,True
GFNIKDTY,IYPTNGYT,ATSGSVDRYDYVY,154.68,True
GFNIKDTY,IYPTNGYT,ARYNPFDGFYFDV,155.5,True
GFNIKDTY,IYPTNGYT,ARSSGYYYYGFVY,157.39,True
GFNIKDTY,IDPADGYT,AREGGYGYYAMDY,160.15,True
GFNIKDTY,IYPTNGYT,ATGYSYLRFYD,163.5,True
GFNIKDTY,IYPTNGYT,ARGYYQDSQSWGY,165.5,True
GFNIKDTY,IYPTNGYT,ARVGGYGYYSYDY,168.68,True
GFNIKDTY,IYPTNGYT,ASSGRLDLYDFRL,170.52,True
GFNIKDTY,IYPTNGYT,ATGYGYLLYSDHD,171.22,True
GFNIKDTY,IYPTNGYT,ARGYWWLYGFAY,171.68,True
GFNIKDTY,IYPTNGYT,AMDFKFTRLDL,176.11,True
GFNIKDTY,IYPTNGYT,ARWSWPGYEFEF,177.0,True
GFNIKDTY,IYPTNGYT,AIGGYYYGGDL,177.24,True
GFNIKDTY,IYPTNGYT,ARSTDYWHASQY,178.9,True
GFNIKDTY,IYPTNGYT,ATGSGGGGFSYGY,181.9,True
GFNIKDTY,IYPTNGYT,ARLAFDSVSFYSDY,186.77,True
GFNIKDTY,IYPTNGYT,AQYGRGGYWYFDY,188.46,True
GFNIKDTY,IYPTNGYT,ARSYAFLYGRMDY,188.5,True
GFNIKDTY,IYPTNGYT,ARYSYYGGGAFDY,190.9,True
GFNIKDYY,IYPSRGYT,ARHGSEGRYTMDV,192.08,True
GFNIKDTY,IYPTNGYT,AKTWSYWSAYNN,197.16,True
GFNIKDTY,IYPTNGYT,ASYAGYSPFDY,201.51,True
GFNIKDTY,IYPTNGYT,ARSYYGAYYFDY,201.83,True
GFNIKDTY,IYPTNGYT,ARDSPYYGSLYLY,205.07,True
GFNIKDTY,IYPTNGYT,AKYGISDYGFDH,207.46,True
GFNIKDTY,IYPTNGYT,ARSGEGYYAFDY,210.41,True
GFNIKDTY,IYPTNGYT,ARHYGGYYMMDV,211.98,True
GFNIKDTY,IYPTNGYT,ARWAASYAFYY,212.45,True
GFNIKDTY,IYPANGYT,AREGGVGYYSFAY,213.14,True
GFNIKDTY,IYPTNGYT,SRYSYSGGHAFAY,213.8,True
GFNIKDTY,IYPTNGYT,ARYLEYTYAWDY,218.28,True
GFNIKDTY,IYPTNGYT,ASGDLTAGSSQT,219.4,True
GFNIKDTY,IYPTNGYT,ARWYGLGSYGLTY,222.67,True
GFNVSSSY,IYPENGST,SRYSYYGGYAFDY,224.9,True
GFNIKDTY,IYPTNGYT,ARWEQASVGSFGY,225.85,True
GFNIKDTY,IYPTNGYT,ARSGGYYHYGFVY,227.95,True
GFNIKDTY,IYPSNGYT,ARSSGYYSYSYDY,230.09,True
GFNIKDTY,IYPTNGYT,ARWRYGGAYQFAL,230.51,True
GFNIKDTY,IYPTNGYT,SRWGTDGVYAMDY,230.61,True
GFNIKDTY,IYPTNGYT,ARDGGMYRYGLYG,231.3,True
GFNIKDTY,IYPTNGYT,TRNGPLYWHWDL,234.09,True
GFNIKDTY,IYPTNGYT,ARYLRYTYAWDY,238.46,True
GFNIKDTY,IYPTNGYT,SRWDGDGNYAMDY,239.28,True
GFNIKDTY,IYPTNGYT,ARYGGGPSYRLSY,243.36,True
GFNIKDTY,IYPTNGYT,ARTTISSSSYTG,248.0,True
GFNIKDTY,IYPTNGYT,ARWSGGSLYALDY,250.7,True
GFNIKDTY,IYPTNGYT,SRKGGDGFYGMDY,253.19,True
GFNIKDTY,IYPTNGYT,ARGHYSLGYSFDF,256.0,True
GFNIKDTY,IYPTNGYT,SRRGGDYFYAMDY,256.24,True
GFNIKDTY,IYPTNGYT,ARDGGIAYYYFAY,257.05,True
GFNIKDTY,IYPTNGYT,ARYGGRSSYYFDY,257.12,True
GFNIKDTY,IYPTNGYT,ALLYGYYPSGVG,262.02,True
GFNIKDTY,IYPTNGYT,SRSGGDQFYAMDY,267.19,True
GFNIKDTY,IYPTNGYT,ATGYSYLRYYD,273.0,True
GFNIKDTY,IDPENGYT,ARVGGYGYYYYDY,277.34,True
GFNIKDTY,IYPTNGYT,ARDGIYGYGGFAY,277.54,True
GFNIKDTY,IYPTNGYT,ARDVYVGSPVFDY,277.82,True
GFNIKDTY,IYPTNGYT,ARSNNWYSYSFQF,278.0,True
GFNIKDTY,IYPTNGYT,SRWGADGFTAMDY,280.77,True
GFNIKDTY,IYPTNGYT,AYMGSHTIYSFEH,301.0,True
GFNIKDTY,IYPTNGYT,SRWGLDGVYAMDY,301.77,True
GFNIKDTY,IYPTNGYT,ARSGGGSYYYYDY,307.53,True
GFNIKDTY,IYPTNGYT,SRWGGDGFTFMDY,310.88,True
GFNIKDTY,IYPTNGYT,ASDRYGSYSLVS,314.28,True
GFNIKDTY,IYPTNGYT,ATSGTASWQHYGV,321.95,True
GFNIKDTY,IYPTNGYT,ARGPGGFDV,322.49,True
GFNIKDTY,IYPTNGYT,ARYYGWYYYFDY,322.69,True
GFNIKDTY,IYPTNGYT,AVEGGTRALEP,325.59,True
GFNIKDTY,IYPTNGYT,ARLGASHGYLYDD,327.57,True
GFNIKDTY,IYPTNGYT,ARSTGSGFYSYDY,329.97,True
GFNIKDTY,IYPTNGYT,ARSGGYYTYGFDY,337.65,True
GFNIKDTY,IYPTNGYT,ARLYYSSFNGM,339.0,True
GFNIKDTY,IYPSNGYT,ARSGYYYSYSFDY,347.56,True
GFNIKDTY,IYPTNGYT,TRYSYYGYHAMDY,353.55,True
GFNIKDTY,IYPTNGYT,ARDYDFGLSVGAV,357.6,True
GFNIKDTY,IYPTNGYT,VSEASRRALEV,360.81,True
GFNIKDTY,IYPTNGYT,SRYSYSGGGSFDY,361.85,True
GFNIKDTY,IYPTNGYT,ARDGGGGVYAFTY,363.6,True
GFNIKDTY,IYPTNGYT,ARYSGDSYYYYDY,366.22,True
GFNIKDTY,IYPTNGYT,ARYHYRTIGSFGY,367.0,True
GFNIKDTY,IYPTNGYT,ARWDVTGGTGYYFDV,367.84,True
GFNIKDTY,IYPTNGYT,AWASGYGGYGMDY,368.48,True
GFNIKDTY,IYPTNGYT,ARYRDGYDYYFDY,381.22,True
GFNIKDTY,IYPTNGYT,SRWGGDGFQHMDY,393.99,True
GFNIKDTW,IDPANGYT,ARVGGRGYYYYDY,394.14,True
GFNIKDTY,IYPTNGYT,ARDGGRGRYAMDY,402.38,True
GFNIKDTY,IYPTNGYT,ARYSGSSYYYYDY,422.65,True
GFNIKDTY,IYPTNGYT,ARYHYSGFFMDA,433.14,True
GFNIKDTY,IYPTNGYT,ARYLSDSYAWDY,433.96,True
GFNIKDTY,IYPTNGYT,ARYGGSSNYYYDY,440.64,True
GFNIKDTY,IYPTNGYT,ATGLSPSGSNGPY,444.26,True
GFNIKDTY,IYPTNGYT,VRSGYDYYSWFAY,465.34,True
GFNIKDTY,IYPANGYT,ASSGGGYSYYYTY,475.78,True
GFNIKDTY,IYPTNGYT,ARYSYYGGGYFDY,477.55,True
GFNIKDTY,IYPTNGYT,VRGGYGYYAMDY,481.13,True
GFNIKDTY,IYPTNGYT,ARSYGSGSYSFDY,494.72,True
GFNIKDTY,IYPTNGYT,ARGYAYYVAGREY,496.0,True
GFNIKDTY,IYPTNGYT,SRYSYYGGGGFDY,497.74,True
GFNIKDTY,IYPTSGYT,ASDGGVSSYSFDY,542.45,True
GFNIKDTY,IYPTNGYT,TRRDFGYYMAY,546.94,True
GFNIKDTY,IYPANGYT,ASSGGSSSYYYNY,553.82,True
GFNIKDTY,IYPTNGYT,ARSRGSSSYMMDY,566.15,True
GFNIKDTY,IYPTNGYT,ARDRGVSGYYLYY,566.77,True
GFNIKDTY,IYPTNGYT,ARNYYGAAYYFDY,569.89,True
GFNIKDTY,IYPTNGYT,ARYAGVERPGSFAY,574.18,True
GFNIKDTY,IYPSSGYT,ASSGGRYYYYYDY,590.53,True
GFNIKDTY,IYPTNGYT,ARTDIIYSGHFAY,602.21,True
GFNIKDTY,IYPTNGYT,ARSGGSGYYSYNY,603.04,True
GFNIKDTY,IYPTNGYT,ARGYGVGASFVY,630.0,True
GFNIKDTY,IYPTNGYT,ARSSYYFYYFDY,634.96,True
GFNIKDTY,IYPTNGYT,ARFMGGGYTSSDY,637.2,True
GFNFKDTY,IYPANGYT,ASDGGSYSYAFDY,642.24,True
GFNIKDTY,IYPTNGYT,ARSSGSSYYGFDY,667.96,True
GFNIKDTY,IYPEDGST,ARSGGSSTYAYDY,669.18,True
GFNIKDTY,IYPTNGYT,ARSGGSSFYGMDY,680.03,True
GFNIKDTY,IYPTNGYT,ARGYYDTSQSHAY,712.8,True
GFNIKDTY,IYSSDGYT,ARSGGSSYYYYDY,809.63,True
GFNIKDTY,IYPTNGYT,ARYSGSGGNAFAY,863.55,True
GFNIKDTY,IYPTNGYT,ARTGGSSYYAYDY,901.24,True
GFNIKDTY,IYPSNGYT,ARYRGSSSYYFDY,906.53,True
GFNIKDTY,IYPTNGYT,ARHYYGWSSGYDY,959.35,True
GFNIKDTY,IYPTNGYT,ARSAGIGYYAMDY,994.32,True
GFNIKDTY,IYPTNGYT,SRYGYSGYGAFDY,1052.08,True
GFNIKDTY,IYPTNGYT,ARSGGSYSYSFDV,1065.31,True
GFNIKDTY,IYPTNGYT,ARSGGSSYYYYDY,1067.07,True
GFNIKDTY,IYPTNGYT,ARGSYYYYYMDV,1237.24,True
GFNISDYY,IYPSSGYT,ARDGGVGSYSMDV,1322.98,True
GFNIKDTY,IYPTNGYT,ARSGGRYTYGFDY,1407.65,True
GFNIKDTY,IYPTNGYT,ARTGWGYDNISGYEY,1461.56,True
GFNIKDTY,IYPTNGYT,ASSGGSSSYSYSY,1588.0,True
GFNIKDTY,IYPADGYT,ASSGGSSYYYYDY,1672.63,True
GFNVKDTY,IYPSDGYT,ASSGGSSYYYYDY,1698.5,True
GFNIKDTY,IYPTNGYT,ASSGGSSSYSYYY,1724.82,True
GFNIKDTY,IYPTNGYT,ARSGGSGYYYYDY,1830.41,True
GFNIKDTY,IYPTNGYT,ARYSSSGGSAFDY,1986.37,True
GFNIKDTY,IYPTNGYT,ARVGGRGYYAYDY,2286.4,True
GFNIKDTY,IYPTNGYT,AVSGGSSSYSYQY,2421.18,True
GFNIKDTY,IYPTNGYT,ARDGGSGYYAYDY,2523.9,True
GFNIKDTY,IYPTNGYT,AKDGIGYWYAV,,False
GFNIKDTY,IYPTNGYT,AGSGWFYFNSY,,False
GFNIKDTY,IYPTNGYT,LADGMEARYSK,,False
GFNIKDTY,IYPTNGYT,ARVGRGGSARG,,False
GFNIKDTY,IYPTNGYT,ARFNGHGHDYD,,False
GFNIKDTY,IYPTNGYT,DRDFYEGWGKY,,False
GFNIKDTY,IYPTNGYT,SSIGWYQTYGY,,False
GFNIKDTY,IYPTNGYT,ANYDTFNMSDY,,False
GFNIKDTY,IYPTNGYT,VGEGSYYFDLH,,False
GFNIKDTY,IYPTNGYT,ATYAPGNWYAV,,False
GFNIKDTY,IYPTNGYT,TRYGNQRGGDY,,False
GFNIKDTY,IYPTNGYT,YGSQGTGYYRG,,False
GFNIKDTY,IYPTNGYT,AREEWSSGRPG,,False
GFNIKDTY,IYPTNGYT,AIPGDGYWHAV,,False
GFNIKDTY,IYPTNGYT,AVDPSFIGYAD,,False
GFNIKDTY,IYPTNGYT,VTSTILGVFAY,,False
GFNIKDTY,IYPTNGYT,AREEFAGGFGR,,False
GFNIKDTY,IYPTNGYT,AYWYGVYSSTY,,False
GFNIKDTY,IYPTNGYT,AREEHVTGFIA,,False
GFNIKDTY,IYPTNGYT,ANYGGRVYRLG,,False
GFNIKDTY,IYPTNGYT,ARERNRYVDGY,,False
GFNIKDTY,IYPTNGYT,ANSYYWGAYFN,,False
GFNIKDTY,IYPTNGYT,AGYGVQGYGNV,,False
GFNIKDTY,IYPTNGYT,ARGQSGPYYPL,,False
GFNIKDTY,IYPTNGYT,ARSDHFGGDMV,,False
GFNIKDTY,IYPTNGYT,ARSTTAGGIGT,,False
GFNIKDTY,IYPTNGYT,ARTGSLGAYAI,,False
GFNIKDTY,IYPTNGYT,ARTLPDPGSIY,,False
GFNIKDTY,IYPTNGYT,ASSGERTALSV,,False
GFNIKDTY,IYPTNGYT,AYRPVDGGGPP,,False
GFNIKDTY,IYPTNGYT,DFPSIRSGLDY,,False
GFNIKDTY,IYPTNGYT,ENGDGGSWHGL,,False
GFNIKDTY,IYPTNGYT,TTTGYDTVGTD,,False
GFNIKDTY,IYPTNGYT,VGPAGYSTPQK,,False
GFNIKDTY,IYPTNGYT,YGIGRYYYNLH,,False
GFNIKDTY,IYPTNGYT,YGRFYFGSMHY,,False
GFNIKDTY,IYPTNGYT,VRGSGSNPFDY,,False
GFNIKDTY,IYPTNGYT,ARTLYFDGFDY,,False
GFNIKDTY,IYPTNGYT,TNNGGGGGFDY,,False
GFNIKDTY,IYPTNGYT,ARVYGDGNFDS,,False
GFNIKDTY,IYPTNGYT,AREVGDGYFAY,,False
GFNIKDTY,IYPTNGYT,AREGYFYAMDY,,False
GFNIKDTY,IYPTNGYT,ARMYYGGYFDY,,False
GFNIKDTY,IYPTNGYT,ARRSYYYAMSY,,False
GFNIKDTY,IYPTNGYT,AREVYGGYFAY,,False
GFNIKDTY,IYPTNGYT,NRGGGGRYFDY,,False
GFNIKDTY,IYPTNGYT,VRSKPGYAMDY,,False
GFNIKDTY,IYPTNGYT,ARGEYDYYFDV,,False
GFNIKDTY,IYPTNGYT,AADFVWTYFDY,,False
GFNIKDTY,IYPTNGYT,ARLWLDYDFDY,,False
GFNIKDTY,IYPTNGYT,ARGGYYGFMDS,,False
GFNIKDTY,IYPTNGYT,VRDSVYDVFAY,,False
GFNIKDTY,IYPTNGYT,VRDYGDGVFDY,,False
GFNIKDTY,IYPTNGYT,ARRWYVYYFAN,,False
GFNIKDTY,IYPTNGYT,ARDLALGYFDI,,False
GFNIKDTY,IYPTNGYT,ATYVGALFFDY,,False
GFNIKDTY,IYPTNGYT,AREDGYDYFAV,,False
GFNIKDTY,IYPTNGYT,ARGYLRDGYAY,,False
GFNIKDTY,IYPTNGYT,AREEGDDYFDV,,False
GFNIKDTY,IYPTNGYT,ARGGSDKSYFGY,,False
GFNIKDTY,IYPTNGYT,ARGGSNYRYNVY,,False
GFNIKDTY,IYPTNGYT,ARGPRYPNAMDY,,False
GFNIKDTY,IYPTNGYT,ARGRPPFYGWAR,,False
GFNIKDTY,IYPTNGYT,ARGSSSDSDYDF,,False
GFNIKDTY,IYPTNGYT,ARGVDRELGESW,,False
GFNIKDTY,IYPTNGYT,ARRGYDAGDFQY,,False
GFNIKDTY,IYPTNGYT,ARSAAVGSLDDY,,False
GFNIKDTY,IYPTNGYT,ARSFYFRNYYYT,,False
GFNIKDTY,IYPTNGYT,ARSGSGRPYYTR,,False
GFNIKDTY,IYPTNGYT,ARTSVAYDRYHE,,False
GFNIKDTY,IYPTNGYT,ARWRDTGGYLDY,,False
GFNIKDTY,IYPTNGYT,ASNYGEGGYYDA,,False
GFNIKDTY,IYPTNGYT,ASNYMWYYGYPD,,False
GFNIKDTY,IYPTNGYT,ASWSRPYRENYD,,False
GFNIKDTY,IYPTNGYT,ATDLVGDYTNAV,,False
GFNIKDTY,IYPTNGYT,ATGDYSPYHYRI,,False
GFNIKDTY,IYPTNGYT,ATGSIGAGSDVF,,False
GFNIKDTY,IYPTNGYT,ATSYSVEEYDNY,,False
GFNIKDTY,IYPTNGYT,ATYENSAYYYGY,,False
GFNIKDTY,IYPTNGYT,AVAGGADEYTFF,,False
GFNIKDTY,IYPTNGYT,AVGSTGVGYNRT,,False
GFNIKDTY,IYPTNGYT,AVISYRDGSWYA,,False
GFNIKDTY,IYPTNGYT,AVLLHNWDDVVL,,False
GFNIKDTY,IYPTNGYT,MKSALGGSLDDY,,False
GFNIKDTY,IYPTNGYT,TRGSSGGRLWYT,,False
GFNIKDTY,IYPTNGYT,VGYLYNIIGGAH,,False
GFNIKDTY,IYPTNGYT,WAYGPLNWMWRL,,False
GFNIKDTY,IYPTNGYT,YTANYRGSGREY,,False
GFNIKDTY,IYPTNGYT,YYDGAGYEERAL,,False
GFNIKDTY,IYPTNGYT,YYHPPSGLVWSG,,False
GFNIKDTY,IYPTNGYT,ARLLPGNDPFDY,,False
GFNIKDTY,IYPTNGYT,KTYGGGSYYFDY,,False
GFNIKDTY,IYPTNGYT,ARSSYLYRGMDY,,False
GFNIKDTY,IYPTNGYT,ARLLRGRLRMDY,,False
GFNIKDTY,IYPTNGYT,ARPPYDGRGFDY,,False
GFNIKDTY,IYPTNGYT,ASAGLAYFAMDY,,False
GFNIKDTY,IYPTNGYT,AGGGWDEGGFDY,,False
GFNIKDTY,IYPTNGYT,ARGVYRPYVFDY,,False
GFNIKDTY,IYPTNGYT,ARGTGPGYGMDY,,False
GFNIKDTY,IYPTNGYT,AARGPSGYYFGY,,False
GFNIKDTY,IYPTNGYT,VRVLYGYYAMDY,,False
GFNIKDTY,IYPTNGYT,ARGEGDFYYFDY,,False
GFNIKDTY,IYPTNGYT,TRSYYSYFAMDY,,False
GFNIKDTY,IYPTNGYT,ARGGNYWEVFDY,,False
GFNIKDTY,IYPTNGYT,TKRSGYWYYFDI,,False
GFNIKDTY,IYPTNGYT,ARRGGYYARMDY,,False
GFNIKDTY,IYPTNGYT,VRLPGYEIAFDY,,False
GFNIKDTY,IYPTNGYT,QRRGGTGWGMDY,,False
GFNIKDTY,IYPTNGYT,ARVGGYTTTGDY,,False
GFNIKDTY,IYPTNGYT,VRGGGYGDYFDL,,False
GFNIKDTY,IYPTNGYT,ARKYGGFGSMDY,,False
GFNIKDTY,IYPTNGYT,AGFPYDGGVRDY,,False
GFNIKDTY,IYPTNGYT,VRFYYDYYVMDY,,False
GFNIKDTY,IYPTNGYT,ARGSYDRGVLDW,,False
GFNIKDTY,IYPTNGYT,VRGGYDNWYAMDY,,False
GFNIKDTY,IYPTNGYT,SLGRYDYIFSGGG,,False
GFNIKDTY,IYPTNGYT,ARFYYYGAAIFVW,,False
GFNIKDTY,IYPTNGYT,VRDSSSRSEIDDY,,False
GFNIKDTY,IYPTNGYT,ASEYGYDSVGFDY,,False
GFNIKDTY,IYPTNGYT,YYSGGGGRWWDKY,,False
GFNIKDTY,IYPTNGYT,DGIVGDPNAGGDV,,False
GFNIKDTY,IYPTNGYT,ASSKGEYSGLYDY,,False
GFNIKDTY,IYPTNGYT,SSYEGRMESWFSD,,False
GFNIKDTY,IYPTNGYT,AAGGSTYYYFGVY,,False
GFNIKDTY,IYPTNGYT,SSDTDYWYMYGYD,,False
GFNIKDTY,IYPTNGYT,RRAYYETTHIPDG,,False
GFNIKDTY,IYPTNGYT,ARDGSHYYWYFDY,,False
GFNIKDTY,IYPTNGYT,SSGEGRFKYGRPF,,False
GFNIKDTY,IYPTNGYT,ARSTDRLHYFYDV,,False
GFNIKDTY,IYPTNGYT,ARHLSTAWYGFDY,,False
GFNIKDTY,IYPTNGYT,DDWPYGGSHGLGW,,False
GFNIKDTY,IYPTNGYT,ATWDFGGVMGLGW,,False
GFNIKDTY,IYPTNGYT,ARQEKFTYGSFFY,,False
GFNIKDTY,IYPTNGYT,ARDRTPSYYYFDY,,False
GFNIKDTY,IYPTNGYT,TNSKGGLDQAGGY,,False
GFNIKDTY,IYPTNGYT,ARESNPDYDQMDI,,False
GFNIKDTY,IYPTNGYT,TRVYGYDFRAMDY,,False
GFNIKDTY,IYPTNGYT,TRLYYGNYYEFDY,,False
GFNIKDTY,IYPTNGYT,AREGDNEWYDFAY,,False
GFNIKDTY,IYPTNGYT,ARDWWVLVVFDLG,,False
GFNIKDTY,IYPTNGYT,ARVGDTSVDYFDY,,False
GFNIKDTY,IYPTNGYT,ARDIGGVGGNVDY,,False
GFNIKDTY,IYPTNGYT,ARPTFNNFYDLYL,,False
GFNIKDTY,IYPTNGYT,ARDKGYGNWGFAY,,False
GFNIKDTY,IYPTNGYT,ARRGWFSWEVLDW,,False
GFNIKDTY,IYPTNGYT,YTEDASTYYYDDY,,False
GFNIKDTY,IYPTNGYT,SNIVTSGRYSLPK,,False
GFNIKDTY,IYPTNGYT,ARNGLEPSYGRGV,,False
GFNIKDTY,IYPTNGYT,ARGAQSYYYAMDW,,False
GFNIKDTY,IYPTNGYT,ARDGFVLGGYFDA,,False
GFNIKDTY,IYPTNGYT,KRDWSYPPYYAVG,,False
GFNIKDTY,IYPTNGYT,ARTAYWAYRSHGI,,False
GFNIKDTY,IYPTNGYT,VRGGSVGSWWIDY,,False
GFNIKDTY,IYPTNGYT,NRTRDLWLGAAPF,,False
GFNIKDTY,IYPTNGYT,ARAGGVGAYYFDY,,False
GFNIKDTY,IYPTNGYT,VRGGRDFASGNFG,,False
GFNIKDTY,IYPTNGYT,ARSRPTLHYNFDY,,False
GFNIKDTY,IYPTNGYT,ARTYGPSYYGMDV,,False
GFNIKDTY,IYPTNGYT,ARHVYYTVNPYDG,,False
GFNIKDTY,IYPTNGYT,AKDVGGYYGDLDY,,False
GFNIKDTY,IYPTNGYT,ATSSNDGNLRYEY,,False
GFNIKDTY,IYPTNGYT,AREYAGVGLDTSY,,False
GFNIKDTY,IYPTNGYT,ASYYGHGPYWPAH,,False
GFNIKDTY,IYPTNGYT,ARGYYVSDDAMDY,,False
GFNIKDTY,IYPTNGYT,PTRGTPPFDYYTY,,False
GFNIKDTY,IYPTNGYT,VRKEYWTGWYYDW,,False
GFNIKDTY,IYPTNGYT,ARDKRDYAYAPTY,,False
GFNIKDTY,IYPTNGYT,SRYTTNGFYMGKY,,False
GFNIKDTY,IYPTNGYT,SRIVRGRYEVIGG,,False
GFNIKDTY,IYPTNGYT,VRLKIYEQRYGLG,,False
GFNIKDTY,IYPTNGYT,AREGGSFWGAMDY,,False
GFNIKDTY,IYPTNGYT,VREDTLPYTWFGY,,False
GFNIKDTY,IYPTNGYT,ARKQRSDYYALDY,,False
GFNIKDTY,IYPTNGYT,ARSSSGYWSGWGP,,False
GFNIKDTY,IYPTNGYT,VTDGLSSEYSAPY,,False
GFNIKDTY,IYPTNGYT,AKLGGFLVPSYSD,,False
GFNIKDTY,IYPTNGYT,AASGYGYDPSFGD,,False
GFNIKDTY,IYPTNGYT,AKGGGGGAPSMDY,,False
GFNIKDTY,IYPTNGYT,SLRYNARPDLGPR,,False
GFNIKDTY,IYPTNGYT,ARGVPSGRVFMDY,,False
GFNIKDTY,IYPTNGYT,ARGHAYYVGVDVY,,False
GFNIKDTY,IYPTNGYT,ARTDRWKAVEGFD,,False
GFNIKDTY,IYPTNGYT,YDEGDNFYDYMNY,,False
GFNIKDTY,IYPTNGYT,ARSFGGGGGMFDY,,False
GFNIKDTY,IYPTNGYT,TRTWSMDTYFGED,,False
GFNIKDTY,IYPTNGYT,ARSVRGSWFNFGA,,False
GFNIKDTY,IYPTNGYT,ASGYRYGSSAFDV,,False
GFNIKDTY,IYPTNGYT,ARDRRGGSAWFAY,,False
GFNIKDTY,IYPTNGYT,ASFYGYGSYNAEK,,False
GFNIKDTY,IYPTNGYT,AGLGDLYSFSMDY,,False
GFNIKDTY,IYPTNGYT,ARGNGLTYGWFDY,,False
GFNIKDTY,IYPTNGYT,ARKTLWPGRYWFF,,False
GFNIKDTY,IYPTNGYT,ARTRYWGNYYYVW,,False
GFNIKDTY,IYPTNGYT,ARDNLGGSRTFDA,,False
GFNIKDTY,IYPTNGYT,ARFGAEYYAGMDY,,False
GFNIKDTY,IYPTNGYT,ARYSGYGAYPFAY,,False
GFNIKDTY,IYPTNGYT,YDEPIRMKYVGDY,,False
GFNIKDTY,IYPTNGYT,AVGGLIYYDGLGY,,False
GFNIKDTY,IYPTNGYT,ADDGSGDDDYGDY,,False
GFNIKDTY,IYPTNGYT,ARERGSGRWYFDL,,False
GFNIKDTY,IYPTNGYT,ASYGGKGIGLIAD,,False
GFNIKDTY,IYPTNGYT,ANRPGDGNSNLGY,,False
GFNIKDTY,IYPTNGYT,ARFGDFKYYEGDF,,False
GFNIKDTY,IYPTNGYT,ATLADPGFYSFSV,,False
GFNIKDTY,IYPTNGYT,ARGSGGIYWRPNY,,False
GFNIKDTY,IYPTNGYT,ARLYGYVDDAMDY,,False
GFNIKDTY,IYPTNGYT,TRGVRIYGDFFDY,,False
GFNIKDTY,IYPTNGYT,VRGRYYDDYAMDV,,False
GFNIKDTY,IYPTNGYT,PAWGLYHYYGYFY,,False
GFNIKDTY,IYPTNGYT,ARSWYPYDTGYGW,,False
GFNIKDTY,IYPTNGYT,ATSGSDYGSGYYG,,False
GFNIKDTY,IYPTNGYT,SIETAPPDTGEDN,,False
GFNIKDTY,IYPTNGYT,NRQSTYYGPWYGN,,False
GFNIKDTY,IYPTNGYT,SSGLRWDGYGYDW,,False
GFNIKDTY,IYPTNGYT,AKGGSEAGVVVDY,,False
GFNIKDTY,IYPTNGYT,ASYGYFGWVYSAY,,False
GFNIKDTY,IYPTNGYT,AARYSDEGYGMDY,,False
GFNIKDTY,IYPTNGYT,SPNGGYDDRAVTY,,False
GFNIKDTY,IYPTNGYT,AKRGLGYESGYDY,,False
GFNIKDTY,IYPTNGYT,ARGYYLVWWLPDY,,False
GFNIKDTY,IYPTNGYT,TRGRSSDYYAMDY,,False
GFNIKDTY,IYPTNGYT,AADFDDGASGGDY,,False
GFNIKDTY,IYPTNGYT,ATNAGRTVDEMDK,,False
GFNIKDTY,IYPTNGYT,NSDGPVGVGGFYY,,False
GFNIKDTY,IYPTNGYT,SWDKSWEAWPEGG,,False
GFNIKDTY,IYPTNGYT,ATTAGQWSYHYYY,,False
GFNIKDTY,IYPTNGYT,AGHGLFWYYGYDY,,False
GFNIKDTY,IYPTNGYT,VAYGGYGHKVDGD,,False
GFNIKDTY,IYPTNGYT,ADGGSWYGLLYGF,,False
GFNIKDTY,IYPTNGYT,TRSGYYGDWPFAY,,False
GFNIKDTY,IYPTNGYT,AGNGLGNRDGFAV,,False
GFNIKDTY,IYPTNGYT,ATGTDDGFGDLSN,,False
GFNIKDTY,IYPTNGYT,ARDLVGYYGYSWD,,False
GFNIKDTY,IYPTNGYT,ARVTLGGNYIISG,,False
GFNIKDTY,IYPTNGYT,STTLYWIGYFYRY,,False
GFNIKDTY,IYPTNGYT,SKSGGGTYFPPRD,,False
GFNIKDTY,IYPTNGYT,ARNWDIFGLVWRY,,False
GFNIKDTY,IYPTNGYT,ARGTLYYGKTEGY,,False
GFNIKDTY,IYPTNGYT,ARGGGSGSNYPAY,,False
GFNIKDTY,IYPTNGYT,KRPVKFGYGNADY,,False
GFNIKDTY,IYPTNGYT,AKYGSGDEFYQGV,,False
GFNIKDTY,IYPTNGYT,ARLSWSTRNFYDL,,False
GFNIKDTY,IYPTNGYT,AARFSWTSYYSDY,,False
GFNIKDTY,IYPTNGYT,AQSGVGSSYTYEY,,False
GFNIKDTY,IYPTNGYT,ARYYSRNWYYFDY,,False
GFNIKDTY,IYPTNGYT,SKLGGYLVIVYSD,,False
GFNIKDTY,IYPTNGYT,ASWRYPHPDAPYY,,False
GFNIKDTY,IYPTNGYT,ARYQLGNRLIGAW,,False
GFNIKDTY,IYPTNGYT,AKFRDYWFIAFRY,,False
GFNIKDTY,IYPTNGYT,VTPVEDYFHFSDY,,False
GFNIKDTY,IYPTNGYT,NAWSGPRGLQWDL,,False
GFNIKDTY,IYPTNGYT,ARWYYDNYDSFDL,,False
GFNIKDTY,IYPTNGYT,ARWGVSLERAMDY,,False
GFNIKDTY,IYPTNGYT,ATEYTWRWWSMDY,,False
GFNIKDTY,IYPTNGYT,ARSGTASWYWYGV,,False
GFNIKDTY,IYPTNGYT,EDMGPSLATQSVG,,False
GFNIKDTY,IYPTNGYT,ARSYYDYYGSFDY,,False
GFNIKDTY,IYPTNGYT,ARYTGPYDIAPRY,,False
GFNIKDTY,IYPTNGYT,AYSEGIGRSYLGY,,False
GFNIKDTY,IYPTNGYT,AARWGYGGGGYDY,,False
GFNIKDTY,IYPTNGYT,ARGYSDSTWAWYY,,False
GFNIKDTY,IYPTNGYT,ASYGGWSYVDKDI,,False
GFNIKDTY,IYPTNGYT,AKGDSYYIYGGDY,,False
GFNIKDTY,IYPTNGYT,ARYDDDYAGFFDY,,False
GFNIKDTY,IYPTNGYT,ARYGGFGDSGFDV,,False
GFNIKDTY,IYPTNGYT,ARFIDYWWHGIFY,,False
GFNIKDTY,IYPTNGYT,ARLVGILVRGMSE,,False
GFNIKDTY,IYPTNGYT,AGGGVGSPVDMDV,,False
GFNIKDTY,IYPTNGYT,ARPGQGGGGAYQY,,False
GFNIKDTY,IYPTNGYT,ARRYDSGWDVADL,,False
GFNIKDTY,IYPTNGYT,VRRAPVFFWHGEI,,False
GFNIKDTY,IYPTNGYT,ARLVVLYGAYGYY,,False
GFNIKDTY,IYPTNGYT,VRDLLHWKYGVGY,,False
GFNIKDTY,IYPTNGYT,NAWSGDGGLDWTL,,False
GFNIKDTY,IYPTNGYT,VRDRRYSGGHFDY,,False
GFNIKDTY,IYPTNGYT,AKQGYHYGASMDV,,False
GFNIKDTY,IYPTNGYT,ARKPFDYDFAMDY,,False
GFNIKDTY,IYPTNGYT,KRWGGSLSRLNYD,,False
GFNIKDTY,IYPTNGYT,ARDGGRSGYGFVV,,False
GFNIKDTY,IYPTNGYT,ARRYGSSDLKFDI,,False
GFNIKDTY,IYPTNGYT,ARAVGHWYGVRNY,,False
GFNIKDTY,IYPTNGYT,VGTGGRPYAAGSG,,False
GFNIKDTY,IYPTNGYT,ARERTDYYAWFDY,,False
GFNIKDTY,IYPTNGYT,AAANGYNGGRFDY,,False
GFNIKDTY,IYPTNGYT,AAATSATVWGFRG,,False
GFNIKDTY,IYPTNGYT,AAKADYSYDQSWY,,False
GFNIKDTY,IYPTNGYT,AANGGWEYVYDDV,,False
GFNIKDTY,IYPTNGYT,AAREGPVYGYGLV,,False
GFNIKDTY,IYPTNGYT,AARFYFDFFGLDY,,False
GFNIKDTY,IYPTNGYT,AARHGTHSYYGIP,,False
GFNIKDTY,IYPTNGYT,AASIAAVRRVGGY,,False
GFNIKDTY,IYPTNGYT,AASYGYPSVGKPF,,False
GFNIKDTY,IYPTNGYT,AAVRYYEITIPVH,,False
GFNIKDTY,IYPTNGYT,AAWSLRGVSDWYV,,False
GFNIKDTY,IYPTNGYT,AGGYFGGRRILEG,,False
GFNIKDTY,IYPTNGYT,AGNGGAWFAAGGD,,False
GFNIKDTY,IYPTNGYT,AGNVYSHYMGFDG,,False
GFNIKDTY,IYPTNGYT,AGTGGRNYGGGRG,,False
GFNIKDTY,IYPTNGYT,AGYVVDYEWVGGD,,False
GFNIKDTY,IYPTNGYT,AKDYFRPYLDSGL,,False
GFNIKDTY,IYPTNGYT,AKGEVAQYDSYDP,,False
GFNIKDTY,IYPTNGYT,AKGRVGITTAGSD,,False
GFNIKDTY,IYPTNGYT,AKRGESGGRLWYY,,False
GFNIKDTY,IYPTNGYT,AKSGGGSYPIPET,,False
GFNIKDTY,IYPTNGYT,ALRGTRWLYTGGY,,False
GFNIKDTY,IYPTNGYT,ALRYLPYTSSMSP,,False
GFNIKDTY,IYPTNGYT,APDYDYRGIWKNV,,False
GFNIKDTY,IYPTNGYT,APLGGPADLAIGM,,False
GFNIKDTY,IYPTNGYT,AQAGPIVINSFED,,False
GFNIKDTY,IYPTNGYT,AQGDKDFLRQSTV,,False
GFNIKDTY,IYPTNGYT,ARAIYYVRGGFAY,,False
GFNIKDTY,IYPTNGYT,ARAPYRWDSGGLF,,False
GFNIKDTY,IYPTNGYT,ARDFTTYAYAPVY,,False
GFNIKDTY,IYPTNGYT,ARDKHVRGTEKGN,,False
GFNIKDTY,IYPTNGYT,ARDNGWQSIFGYG,,False
GFNIKDTY,IYPTNGYT,ARDPLQRPYYFDV,,False
GFNIKDTY,IYPTNGYT,ARDSRSWDYDVDP,,False
GFNIKDTY,IYPTNGYT,ARDTGTYDPWFAY,,False
GFNIKDTY,IYPTNGYT,AREGYYGRYEDTG,,False
GFNIKDTY,IYPTNGYT,ARFESQSWGNQYD,,False
GFNIKDTY,IYPTNGYT,ARFPFAYNYYGGY,,False
GFNIKDTY,IYPTNGYT,ARFRTEGWYNFDY,,False
GFNIKDTY,IYPTNGYT,ARFRWKWSSYMDL,,False
GFNIKDTY,IYPTNGYT,ARGDGGSNDYDNY,,False
GFNIKDTY,IYPTNGYT,ARGEGYDDFYFAY,,False
GFNIKDTY,IYPTNGYT,ARGSVFASNYFDA,,False
GFNIKDTY,IYPTNGYT,ARIWLKGDYEFDY,,False
GFNIKDTY,IYPTNGYT,ARLGGWWYGGENM,,False
GFNIKDTY,IYPTNGYT,ARLYNYYEGLDPH,,False
GFNIKDTY,IYPTNGYT,ARMQDWTRGSGGE,,False
GFNIKDTY,IYPTNGYT,ARNPKSYGGSNPY,,False
GFNIKDTY,IYPTNGYT,ARPGYVDILSVGT,,False
GFNIKDTY,IYPTNGYT,ARPYAGYRYAFDI,,False
GFNIKDTY,IYPTNGYT,ARPYYIGSLGIYS,,False
GFNIKDTY,IYPTNGYT,ARQTYYVVREGHY,,False
GFNIKDTY,IYPTNGYT,ARRGAVGRPASFR,,False
GFNIKDTY,IYPTNGYT,ARRGEYSYDYGYG,,False
GFNIKDTY,IYPTNGYT,ARRNDWIWWRYDK,,False
GFNIKDTY,IYPTNGYT,ARRWARRSTYGDS,,False
GFNIKDTY,IYPTNGYT,ARSRGEAYDTYDY,,False
GFNIKDTY,IYPTNGYT,ARSRRQIYLEDYA,,False
GFNIKDTY,IYPTNGYT,ARSYSDPSVAGAY,,False
GFNIKDTY,IYPTNGYT,ARSYYVAAGGSLD,,False
GFNIKDTY,IYPTNGYT,ARTLEDRRGRRNE,,False
GFNIKDTY,IYPTNGYT,ARTPYQTTGKYYD,,False
GFNIKDTY,IYPTNGYT,ARTSEFDPFTYDY,,False
GFNIKDTY,IYPTNGYT,ARWTFGGSHGLGW,,False
GFNIKDTY,IYPTNGYT,ARYGAGSPPRYDH,,False
GFNIKDTY,IYPTNGYT,ARYGVTDKPADYW,,False
GFNIKDTY,IYPTNGYT,ARYIGYGLYPYAY,,False
GFNIKDTY,IYPTNGYT,ARYYGYGDYWFAH,,False
GFNIKDTY,IYPTNGYT,ASFFGIYYFDHDY,,False
GFNIKDTY,IYPTNGYT,ASGAPSYYYGMDM,,False
GFNIKDTY,IYPTNGYT,ASGGIFDYFYTQY,,False
GFNIKDTY,IYPTNGYT,ASPHPNLSVFGGK,,False
GFNIKDTY,IYPTNGYT,ASRPGSYYRWTYS,,False
GFNIKDTY,IYPTNGYT,ASRSSQFDYDHDY,,False
GFNIKDTY,IYPTNGYT,ASSPGYDAAEESD,,False
GFNIKDTY,IYPTNGYT,ASSVGDGYEGYWY,,False
GFNIKDTY,IYPTNGYT,ASYVYSEGLNMDY,,False
GFNIKDTY,IYPTNGYT,ATILLNGSGSSMS,,False
GFNIKDTY,IYPTNGYT,ATSYGSLWYDVDY,,False
GFNIKDTY,IYPTNGYT,AVAGGRGRVLVHA,,False
GFNIKDTY,IYPTNGYT,AVRYWKMYSSFPG,,False
GFNIKDTY,IYPTNGYT,AVYHDYGGADMPV,,False
GFNIKDTY,IYPTNGYT,AWGGYYISAADTY,,False
GFNIKDTY,IYPTNGYT,DQDPTRYLFLIVY,,False
GFNIKDTY,IYPTNGYT,DRLGSVYYFPYYY,,False
GFNIKDTY,IYPTNGYT,ENSAPPIGGSFAG,,False
GFNIKDTY,IYPTNGYT,FIDGRYPVAYPSL,,False
GFNIKDTY,IYPTNGYT,FWLDSYEYTLADS,,False
GFNIKDTY,IYPTNGYT,NYFPRRYAYAPVY,,False
GFNIKDTY,IYPTNGYT,RPRLDGAIWGYGL,,False
GFNIKDTY,IYPTNGYT,SRWGGDDALAMDY,,False
GFNIKDTY,IYPTNGYT,SRWGGDGALAMDY,,False
GFNIKDTY,IYPTNGYT,SRWGGDGDSAMDY,,False
GFNIKDTY,IYPTNGYT,SRWGGDVALAMDY,,False
GFNIKDTY,IYPTNGYT,TFVEGTLYGTSRM,,False
GFNIKDTY,IYPTNGYT,TGGMYGWAYRQNY,,False
GFNIKDTY,IYPTNGYT,TNGRGPLYGPSEH,,False
GFNIKDTY,IYPTNGYT,TNPLREFEGWYIY,,False
GFNIKDTY,IYPTNGYT,TSYGHNRWGWSAS,,False
GFNIKDTY,IYPTNGYT,TTPGVKPYYYGWS,,False
GFNIKDTY,IYPTNGYT,VARSSAGKYGYDY,,False
GFNIKDTY,IYPTNGYT,VKSPAGLYADDVF,,False
GFNIKDTY,IYPTNGYT,VSYGGLVYFSFYL,,False
GFNIKDTY,IYPTNGYT,VWYAYYGDYYSSV,,False
GFNIKDTY,IYPTNGYT,YFMGGNRMAVGGY,,False
GFNIKDTY,IYPTNGYT,YTRYNDYPGQNPY,,False
GFNIKDTY,IYPTNGYT,ARVSLYDGGGFDY,,False
GFNIKDTY,IYPTNGYT,AREGVTGYYDLDY,,False
GFNIKDTY,IYPTNGYT,ATSVGGGYSGLDI,,False
GFNIKDTY,IYPTNGYT,ARLWGADIGVFDY,,False
GFNIKDTY,IYPTNGYT,ARLWFLYFTGFDV,,False
GFNIKDTY,IYPTNGYT,APHYWSPYYAMDY,,False
GFNIKDTY,IYPTNGYT,NAPDSSYDYAMDY,,False
GFNIKDTY,IYPTNGYT,ARLWDDYDDGLDY,,False
GFNIKDTY,IYPTNGYT,AARGTGSVDDYDY,,False
GFNIKDTY,IYPTNGYT,ARDFYYGGTGYVY,,False
GFNIKDTY,IYPTNGYT,TRDPYYGRYVFDY,,False
GFNIKDTY,IYPTNGYT,ARLLSYYYYAMDY,,False
GFNIKDTY,IYPTNGYT,ARLLGHGTDYFDY,,False
GFNIKDTY,IYPTNGYT,ARLWDGPVGYFDY,,False
GFNIKDTY,IYPTNGYT,VRIGYYGVWYFDY,,False
GFNIKDTY,IYPTNGYT,ARAYEGFWYFFDY,,False
GFNIKDTY,IYPTNGYT,ARGEWANNYGMDY,,False
GFNIKDTY,IYPTNGYT,ARGGYGGSTYFDY,,False
GFNIKDTY,IYPTNGYT,ARDRFYDIGDFDY,,False
GFNIKDTY,IYPTNGYT,TRNYYYWDNYFDY,,False
GFNIKDTY,IYPTNGYT,ARDLYAVFGTLDY,,False
GFNIKDTY,IYPTNGYT,ARGSGLRDGHFDV,,False
GFNIKDTY,IYPTNGYT,NRDGNGGDGLGDY,,False
GFNIKDTY,IYPTNGYT,AKSNGSFYGTMDY,,False
GFNIKDTY,IYPTNGYT,ARKGYYYSGYFDY,,False
GFNIKDTY,IYPTNGYT,AAPSGYSGAGFDY,,False
GFNIKDTY,IYPTNGYT,ARSFGYYYYGMDY,,False
GFNIKDTY,IYPTNGYT,NRAGAGSRDYFDY,,False
GFNIKDTY,IYPTNGYT,ARLRYYYYYGMDY,,False
GFNIKDTY,IYPTNGYT,VRGGADFYPYFDY,,False
GFNIKDTY,IYPTNGYT,ARPYYYVYNAMDY,,False
GFNIKDTY,IYPTNGYT,AAGGGGEPGEFAY,,False
GFNIKDTY,IYPTNGYT,VRFYYDDYYAMDY,,False
GFNIKDTY,IYPTNGYT,VRSSYGYYYAMDY,,False
GFNIKDTY,IYPTNGYT,TRDLNGIYYAMDY,,False
GFNIKDTY,IYPTNGYT,ARGYYGGSGGMDY,,False
GFNIKDTY,IYPTNGYT,NRDYGRAWYYFDY,,False
GFNIKDTY,IYPTNGYT,ARLLENGGNWFDV,,False
GFNIKDTY,IYPTNGYT,VRGQYYYSQTFDY,,False
GFNIKDTY,IYPTNGYT,VRGSSTYDYYFDY,,False
GFNIKDTY,IYPTNGYT,VRRDYYEGGAMDY,,False
GFNIKDTY,IYPTNGYT,SRGSLYSYYIFDY,,False
GFNIKDTY,IYPTNGYT,ARPWYGDFRYFDY,,False
GFNIKDTY,IYPTNGYT,NTQPYYRGYYFDY,,False
GFNIKDTY,IYPTNGYT,ARGGSSVAGIFAY,,False
GFNIKDTY,IYPTNGYT,AASAGVYYWAFDY,,False
GFNIKDTY,IYPTNGYT,AGSSSGVLYTFDY,,False
GFNIKDTY,IYPTNGYT,VRGRYRDYSYMDV,,False
GFNIKDTY,IYPTNGYT,ARGLRGWGKYFDY,,False
GFNIKDTY,IYPTNGYT,ARLFRHGYYGMDY,,False
GFNIKDTY,IYPTNGYT,ARIYGQAYAYMDY,,False
GFNIKDTY,IYPTNGYT,AREPGGLYWNFDY,,False
GFNIKDTY,IYPTNGYT,AREYYGYSYYFDY,,False
GFNIKDTY,IYPTNGYT,ARDRYNYVIAMDY,,False
GFNIKDTY,IYPTNGYT,ARTLFSAWGYFDY,,False
GFNIKDTY,IYPTNGYT,VRDSYYYRYAMNY,,False
GFNIKDTY,IYPTNGYT,ARDYGGTTYAMDY,,False
GFNIKDTY,IYPTNGYT,TRVSSYYYYAMDY,,False
GFNIKDTY,IYPTNGYT,VRQYYYYYAALDY,,False
GFNIKDTY,IYPTNGYT,ARYIWTGVRSLDY,,False
GFNIKDTY,IYPTNGYT,TRGYGGYYGAMDY,,False
GFNIKDTY,IYPTNGYT,VRDYFLLGYSMDY,,False
GFNIKDTY,IYPTNGYT,TRFDFYWTVFFDY,,False
GFNIKDTY,IYPTNGYT,ARMLAGLFYDLDY,,False
GFNIKDTY,IYPTNGYT,AKRYLGHSYYMDY,,False
GFNIKDTY,IYPTNGYT,ATSYYFGLTGFDY,,False
GFNIKDTY,IYPTNGYT,ARGSVHYAGYFDY,,False
GFNIKDTY,IYPTNGYT,SRGGSRYGYWFDY,,False
GFNIKDTY,IYPTNGYT,AREDGDGYYAMDY,,False
GFNIKDTY,IYPTNGYT,NRRGFYGGWGFDY,,False
GFNIKDTY,IYPTNGYT,ARSYYYRGGYFDY,,False
GFNIKDTY,IYPTNGYT,VRGPFFGIATFDY,,False
GFNIKDTY,IYPTNGYT,ARETYWYWDYFDV,,False
GFNIKDTY,IYPTNGYT,TRVGAIWGYWFDY,,False
GFNIKDTY,IYPTNGYT,AREGYDYYYYFDY,,False
GFNIKDTY,IYPTNGYT,ARGPEGGDLAFDY,,False
GFNIKDTY,IYPTNGYT,ARDYYGSSYGMDY,,False
GFNIKDTY,IYPTNGYT,AREGGGAWFVLDY,,False
GFNIKDTY,IYPTNGYT,ARDYNYGYGAMDY,,False
GFNIKDTY,IYPTNGYT,ARDEGHYYGPMDY,,False
GFNIKDTY,IYPTNGYT,NTKVYGDTYYFDY,,False
GFNIKDTY,IYPTNGYT,AARGYFNAFGMDY,,False
GFNIKDTY,IYPTNGYT,ARGGYYGSYAMDY,,False
GFNIKDTY,IYPTNGYT,ARLISDSYSYYDY,,False
GFNIKDTY,IYPTNGYT,ARADYYYYYYMDY,,False
GFNIKDTY,IYPTNGYT,ARREGYFGGRLAY,,False
GFNIKDTY,IYPTNGYT,ARVSGDYYYYFDY,,False
GFNIKDTY,IYPTNGYT,ARDRGQARDRFDY,,False
GFNIKDTY,IYPTNGYT,ARGAFPVLVTMDY,,False
GFNIKDTY,IYPTNGYT,ARPGFYPGFGFDY,,False
GFNIKDTY,IYPTNGYT,TRTFYYGSGDFAV,,False
GFNIKDTY,IYPTNGYT,ARGGGFYYWWFDF,,False
GFNIKDTY,IYPTNGYT,VRGSSYYDYGFDY,,False
GFNIKDTY,IYPTNGYT,ARLSGSVATYFDY,,False
GFNIKDTY,IYPTNGYT,ARGRSYLVVAFDV,,False
GFNIKDTY,IYPTNGYT,ARRYLPGYSLYDV,,False
GFNIKDTY,IYPTNGYT,ARSYYWYYGAMDY,,False
GFNIKDTY,IYPTNGYT,ARSYYYYYHYMDY,,False
GFNIKDTY,IYPTNGYT,ASSVYYYFYYFDY,,False
GFNIKDTY,IYPTNGYT,TRQAYGTSDYFDY,,False
GFNIKDTY,IYPTNGYT,TRSPSFGGNYFDY,,False
GFNIKDTY,IYPTNGYT,ARVGLGNAGPLDY,,False
GFNIKDTY,IYPTNGYT,TRSAAVGYGYFDY,,False
GFNIKDTY,IYPTNGYT,ARLFYGYIRVLDY,,False
GFNIKDTY,IYPTNGYT,ARDREGHAYDMDY,,False
GFNIKDTY,IYPTNGYT,ARYGYVAAGEGDY,,False
GFNIKDTY,IYPTNGYT,ARGGAYDYYYFDY,,False
GFNIYDTY,IYPYNGGT,ARRGGKYDYSMAY,,False
GFNIKDTY,IYPTNGYT,ARDGGGYRIYFDY,,False
GFNIKDTY,IYPTNGYT,ARDGGRYRGYFDY,,False
GFNIKDTY,IYSSDGST,ARSGGSSYYYYDY,,False
GFNIKDTY,IYPTNGYT,AREGYYGRYSLDY,,False
GFNIKDTY,IYPTNGYT,ARDGGGGVSYYSY,,False
GFNIKDTY,IYPSNGYT,ARSRGSSSYYLEY,,False
GFNFSDTY,IYPTSGST,ATDYGYYSYAMPY,,False
GFNIKDTY,IYPTNGYT,ATEYGRGSYSMDY,,False
GFNIKDTY,IYPTNGYT,ASELGSSSYSFDY,,False
GFNIKDTY,IYPANGYT,AREEGVYYYYFYY,,False
GFNIKDTY,IYPTNGYT,ARDGGSGTYYYDY,,False
GFNISSYW,IYSGSGYT,ARDGGGGYYAYDY,,False
GFNIKDTY,IYPTNGYT,ARSGGYYHYAYDY,,False
GFNIKDTY,IYPTNGYT,ARRDSPYSYSFEY,,False
GFNIKDYW,IDPESGDT,ARDGGGGVYTFSY,,False
GFNIKYSY,IYPSNGGT,ARDGGRYSYSFEY,,False
GFNIKDTY,IYPANGYT,ARRGGRYSYSFDY,,False
GFNIKDTY,IYPTNGYT,ARSGGDSYYYYDY,,False
GFNIKDTY,IYPTNGYT,AREDIYGYSAMDV,,False
GFNIKDTY,IYPANGYT,AREGGYSSYSADY,,False
GFNIKDTY,IYPTNGYT,ARSGGSYHYAMDY,,False
GFNIKDTY,IYPTNGYT,ATDLGLSYYGVDY,,False
GFNIKDTY,IYPTNGYT,ARSSGYYHYGLDY,,False
GFNIKDTY,IYPTNGYT,ARDGGRGSNGYDY,,False
GFNIKDTY,IDPASGST,ATEGGSYSYSFDY,,False
GFNIKDTY,IYPTNGYT,ASEGGVSSYSMDY,,False
GFNIKDTY,IYPTNGYT,ARRGGRYSYSFDY,,False
GFNIKDYY,IYPSRDYT,ARLGGSGSYAMDV,,False
GFNIKDTY,IYPSDGST,ARSGGSSYYYYDY,,False
GFNIKDTY,IYPTNGYT,ARSRGSSYYYYDY,,False
GFNVKDTY,IYPANGYT,ASSGGSSNYYYDY,,False
GFNIKDTY,IYPTNGYT,AREGGVSYYYFYY,,False
GFNIKDTY,IYPEDGST,ARSSGRYFYAYVY,,False
GFNIKDTY,IYPTNGYT,ARDRGVRRYAFDY,,False
GFNIKDTY,IYPTNGYT,AREEGVYSYSVDV,,False
GFNIKDTY,IYPTNGYT,SRYHYSGGTAFDY,,False
GFNIKGTY,IYPSNGYT,ARRGRRYTYSYDV,,False
GFNIKDTY,IYPTNGYT,AREGRRYDYYYAY,,False
GFNIKDTY,IYPTNGYT,AREEGRSSYAMDY,,False
GFNIKDTY,IDPANGST,ATESGSTSYALDV,,False
GFNIKDTY,IYPTNGYT,ARRLGRYSYYFSV,,False
GFNIKDYY,ISPYYGST,AREGGEGYYAMDY,,False
GFNIKDTY,IYPTNGYT,AVSYSYYSSYYPY,,False
GFNIKDSY,IYPKDGST,ARSGGSYYYGMDY,,False
GFNIKDTY,IYPTNGYT,ARRGGRYTYGFDY,,False
GFNIKDTY,IYPTSGYT,ARSGGRYFYYYDY,,False
GFNISDTY,IYPRIGST,AREGYYGRYSLDY,,False
GFNIKDTS,IYPTNGYT,ASEGGYSSYAMDY,,False
GFNIKDTY,IYPTNGYT,ASDYGSSSYSYDY,,False
GFNIKDTY,IYPSDSYT,ASAGGSSYYSYDY,,False
GFNIKDTY,IYPTNGYT,ARSGGSSSYYYDY,,False
GFNIKDTY,IYPSNGYT,ASSGGSSNYYYDY,,False
GFNIKDTY,IYPSNGYT,ARRYGSGYYYYDY,,False
GFNIKDTY,IYPTNGYT,ARSGGYYHGAYDY,,False
GFNIKDTY,IYPTNGYT,AREGGVGYYYFYY,,False
GFNISDTY,IYPGIGST,ARRDYSGIGSLDY,,False
GFNIKDTY,IYPTNGYT,ARDGGRYYYYFDY,,False
GFNIKDTY,IYPTNGYT,ARDLGVGSYGMDV,,False
GFNIKDTY,IYPTNGYT,ARETGDGYYYYDY,,False
GFNIKDTY,IYPTNGYT,ATEYGYSSYYADY,,False
GFNISYYW,IYPRSGYT,ARDGGSGTYYFDY,,False
GFNIKDTY,IYPTNGYT,AREGGYGYYSFDY,,False
GFNIKDTY,IYPTNGYT,ANSGGSSYYSYNY,,False
GFNIKDTY,IYPTNGYT,ARSGGSSYYSYRY,,False
GFNIKDTY,IDPANGYT,ASEGSSSSYSFDY,,False
GFNIKDTY,IYPTNGYT,ASEGGSSSYYMDY,,False
GFNIKDTY,IYPTNGYT,AREGGSYSYYMDY,,False
GFNIKDTY,IYPTNGYT,ARDYGSSYYYFDY,,False
GFNIKDTY,IDSAYGST,ARSSGYYYYAYDY,,False
GFNIKDTY,IYPTNGYT,ARKGGYGSNAMDV,,False
GFNIKDTY,IYPTNGYT,AREGGYYSYTYDY,,False
GFNIKDTY,IYPTNGYT,ATDLGYYSYAMDY,,False
GFNIKDTY,IYPTNGYT,ARDGGVYRRYFDY,,False
GFNISDYY,IYPSYGYT,ARDEGYGVYGMGY,,False
GFNIKDTY,IYPANGYT,ARVGGRSFYSFDY,,False
GFNIKDTS,IYPTNGYT,AREGGYSNYSFDY,,False
GFNIKDTY,IYPTNGYT,ARERGRSYYYFAY,,False
GFNIKYTY,IYSYDGST,ARSGGYYHYAYDY,,False
GFNIKSTY,IYPTNGYT,ASDYGSGYYYFDY,,False
GFNIKDTY,IYPTNGYT,ASDIGSYYTAMPY,,False
GFNIKDTY,IYPTNGYT,ARSGGSYYYAYDY,,False
GFNISDYY,IYPEIGAT,SRYSSSGYHAFDY,,False
GFNIKDYA,IIPRYGYT,ARDLGRGSRGFDY,,False
GFNISYYY,IYPRSGYT,ARDGGSGYGAFDY,,False
GFNIKDTY,IYPTNGYT,ARRGYRGRGSYDY,,False
GFNIKDTW,IYPENGST,AREEVRGLGALDY,,False
GFNISDYW,IYPKYGTT,ARDGGGGMSYYDY,,False
GFNIKDTY,IYPASDYT,ASSGGDSDYYYAY,,False
GFNIKDTY,IYPTNGYT,AREGGSGSYSFDY,,False
GFNIKDTY,IYPTNGYT,AREDREGYYAMSV,,False
GFNIKDTY,IYPTNGYT,ASEGGAYSYAMDY,,False
GFNIKDTY,IYPTDGYT,ARRGGSSNYYYDY,,False
GFNIKDTY,IYPTNGYT,ASSGGSGNYYYDY,,False
GFNIKDTY,IYPTNGYT,ARESGSGYYGMDY,,False
GFNIKDTY,IYPTNGYT,ARRRYRYSSSFEY,,False
GFNIKDTS,ISPYSGST,ASDLGRYSYMMDY,,False
GFNVKDTY,IDPANGYT,ATDGGIAMYSADY,,False
GFNIKDTY,IYPTNGYT,ARRGGYGYYYYDY,,False
GFNIKYYW,IYPYSGYT,ARDGGGGVYAFSY,,False
GFNIKDTY,IYPTNGYT,ARRDGYYNYYFAY,,False
GFNIKDTY,IYPTNGYT,AVEEGYYYYGLPY,,False
GFNIKDTY,IYPTNGYT,ARSGGSSYYYYEY,,False
GFNIKDTY,IYPTNGYT,ARRRGSGYYYFDY,,False
GFNIKDTY,IYPTNGYT,ARDGGRYYGYYDY,,False
GFNIKDTY,IYPTNGYT,ARSSGYYYGGYDY,,False
GFNIKDTY,IYPTNGYT,AREGGVGLRYFYY,,False
GFNIKDTY,IYPTNGYT,ARLGGRYNYYFDY,,False
GFNIKDTY,IYPTNGYT,AVRGYYYSSSFYV,,False
GFNIKDTY,IDPENGST,ARESGRYYYGLDY,,False
GFNIKDTY,ISPAKGYT,ATEGGSSNYAMDY,,False
GFNVKDTY,IYPSDGYT,ARSGGSSYYSYEY,,False
GFNIKDTY,IYPTNGYT,SRSGGRYHYAYDY,,False
GFNIKDTY,IDPYNGST,ARSGGRYYYGFDY,,False
GFNIKDTY,IYPYGGST,ARSGGYYYYGFDY,,False
GFNISDNW,IYSSNGST,ARKGYRGRYDYDY,,False
GFNIKDTY,IYPTNGYT,ARDGGRYHYAYEY,,False
GFNIKDTY,ISPASGTT,ATDGGSSSYAMDY,,False
GFNIKDYY,IYPSNDYT,ARDEGRGSYNMGS,,False
GFNIKDTY,IYPSNGYT,ARRDGYYNYSFDY,,False
GFNIKDTY,IYPTNGYT,ARERGSGYYGFDY,,False
GFNIKDSY,IYPANGYT,ASRGGSSYYYYSY,,False
GFNIKDTY,IYPTSGYT,ASEGSSSSYSMDY,,False
GFNIKDTY,IYPTNGYT,ARQGGTAYYAYAY,,False
GFNIKDTY,IYPTNGYT,ARKEYYGRGYLDY,,False
GFNIKDTY,IYPTNGYT,ARDGGRYRNYFDY,,False
GFNISSYY,IYPSNGYT,ARLDGRGRYSMSV,,False
GFNISSYW,IYPEIGAT,SRYGSSGYHAFRY,,False
GFNIKDTY,IYPTNGYT,ARDGGYGSNTMDV,,False
GFNIKDTY,IYPTNGYT,ARDGGVYYYYFDY,,False
GFNIKDTY,IYPTNGYT,ATDYYRYSTSADY,,False
GFNIKDHS,ISPNSGST,AIDLGRYSYSMDV,,False
GFNISDYY,IYPYSGYT,ARDGGGGYGYFAY,,False
GFNIKDTY,IYPTNGYT,AIEYGDYSTGLPY,,False
GFNIKDTY,IYPTNGYT,ARSGGRYHYAFDY,,False
GFNIKDTY,IYPANGYT,ASEGLYGSYSFDY,,False
GFNIKDTY,IYPTNGYT,ARRDGSYSYSYDY,,False
GFNISDYY,IYPRYGNT,ARDGGVGRYSMDV,,False
GFNIKDTY,IYPTNGYT,ATEYGYYSYGADY,,False
GFNIKDTY,IDPASGYT,ARDGDSSNYYMDY,,False
GFNIKDTY,ISPYYGST,ARSSGSSHYGYDY,,False
GFNIKDYW,IDPENGAT,SRYSYYGGHAFDY,,False
GFSIKDTY,IYPANGYT,ARDGLESSYSFDY,,False
GFNIKDTW,IYPSSGST,AVEIGEYSTSPAY,,False
GFNIKDTY,IYPTNGYT,ATSGGSSYYSYDY,,False
GFNLKDTY,IDPANGYT,ASEGGEDYYSADY,,False
GFNIKDTY,IYPTNGYT,ARSGGSYYYYFDY,,False
GFNIKDTS,IYPSSGST,ATEGGSYSTAYDY,,False
GFNIKDTY,IYPTNGYT,ARSRGYYHYGLDY,,False
GFNIKDTY,IYPTNGYT,ARDGGGDMNYFAY,,False
GFNIKDTY,IYPTNGYT,TIEGSYYSTYFDY,,False
GFNIKDTY,IYPTNGYT,ARKDIYGYYSMDV,,False
GFNIKDTY,IYPTNGYT,ATDGGYYSYSMDY,,False
GFNIKDTY,IDPANGYT,ARKGGRGYYAYDY,,False
GFNIKDTY,IYPTNGYT,ARRRGRYSYSYDY,,False
GFNIKDTY,IYPASGST,AIDYGSYSYAMPY,,False
GFNIKDTY,IYPTNGYT,ASSGGSSSYYYDY,,False
GFNIKDTY,IYPTNGYT,SRYSSSGGTAFDY,,False
GFNIKDTY,IYPTNGYT,ATSGGSSNYYYDY,,False
GFNIKDNY,IDPANGYT,AVEEGYYSSSYAY,,False
GFNIKDTY,IYPTNGYT,TTEIGEYSTAMPY,,False
GFNIKDSY,IYPSDGYT,AVSGGSSNYAYDY,,False
GFNIKDTY,IYPTNGYT,ATDSGIYSWGFDV,,False
GFNIKDTY,IYPYNGAT,ATAGGSSYYYYDY,,False
GFNIKDTY,IYPTNGYT,ARRTGSYNYSFDV,,False
GFNIKDTY,IYPADGYT,ASSGGSSNYYYDY,,False
GFNIKDTY,IYPTNGYT,ASDGGSSTYSYDY,,False
GFNIKDTY,IYPTNGYT,ARRSGSHHYGFDY,,False
GFNIKDYS,IYPSSGYT,ARDGGYYVYAMDV,,False
GFNIKDTY,IYPTNGYT,ARGGGVGSRGLDY,,False
GFNISDYW,IYPRYSTT,ARDGGVGRRYFDY,,False
GFNIKDTY,IYPTSGYT,AIDYGSYSTSMPY,,False
GFNIKDTY,IYPTNGYT,AVEGGSSSYAFDY,,False
GFNIKDSY,IYPSNGGT,ARRGRRYSYSFDV,,False
GFNIKDTY,IYPTNGYT,AREGIIGRSSLEY,,False
GFNISDYW,IYPGRGST,ARKGISGSYAMDV,,False
GFNIKDTY,IYPTNGYT,AREGGRYRYYYDY,,False
GFNIKDTY,IYPTNGYT,ARSGGSSNYYYDY,,False
GFNIKDYY,IYPSYGYT,ARGEGRGSYSSDY,,False
GFNIKDTY,IYPTNGYT,AREIGVGYYYFAY,,False
GFNIKYTY,IYSYDGST,AREGGSSYYGMDY,,False
GFNIKDTY,IYPTNGYT,AREYGRYAYYFDY,,False
GFNIKSTW,IYPSDGYT,ASDGGSSYYSYEY,,False
GFNIKDTY,IYPSNDYT,ASEGGGGNYSMDY,,False
GFNIKDTY,IYPTNGYT,ARDRGGSVYAFDY,,False
GFNISDTW,IYPRFGTT,ARDGGRGRYYFDY,,False
GFNIKDTY,IYPTNGYT,ATEGGEYSTAFPY,,False
GFNIKDTY,IYPTNGYT,ATEGGSSSYAADY,,False
GFNIKDTY,IYPTNGYT,ATEGGSNSYSYDY,,False
GFNIKDTY,IYPTNGYT,ATELGYYSTAFAY,,False
GFNIKDTS,IDPANGYT,AREGGVGYYYYDY,,False
GFNIKDTY,IYPTNGYT,ARVGGSGYYSYDY,,False
GFNIKDTY,IYPSSGYT,AVEGGYYSYSFDY,,False
GFNIKDTY,IDPENGYT,ARRGGRGYYYYDY,,False
GFNIKDTY,ILPENDYT,ARRGGSYYYYYDY,,False
GFNIKDTY,IYPTNGYT,ARARGSTEGAFDY,,False
GFNIKDTY,IYPTNGYT,ARSSGYYYYGYDY,,False
GFNIKDTY,IYPTNGYT,ARRTGYYTYSLEY,,False
GFNIKDTY,IYPTNGYT,ARDGGVGYRYFDY,,False
GFNIKDTY,IYPTNGYT,ARRGGRAYYAYDY,,False
GFNIKDTY,IYPANGYT,ARRGGYGYYYYDY,,False
GFNIKDTY,IYPTNGYT,ASSGGRSYYYYDY,,False
GFNIKDTY,IYPTNGYT,AIDLGLYSTSADY,,False
GFNISDYY,IYPGSGYT,ARDEGEHSYSFDV,,False
GFNIKDTY,IYPTNGYT,ARRGGSSYYYFDY,,False
GFNIKGSW,IYPSNGYT,ARRGRRYTYSYDV,,False
GFNIKDTY,IYPTNGYT,ARRGYYYSSSFAY,,False
GFNIKYTY,IDPYSGST,ARSSGYYHYAFDY,,False
GFNIKDTY,IYPTNGYT,ARKDYYGRSSLLY,,False
GFNVKDTY,IYPANGYT,ASEGGSSYYAADY,,False
GFNISDTY,IYPGIGNT,AREENYGRRSFDY,,False
GFNIKDTY,IYPTNGYT,AREGIRGRYSLDY,,False
GFNIKDTY,IYPTNGYT,ARRRYRYDYSYDY,,False
GFNIKDTY,IYPTNGYT,ARRGGSGYYYYDY,,False
GFNIKDYS,IYPTNGYT,ARMRGSSWYAADY,,False
GFNISDTY,IYPRIGTT,AREEYTGRGSLEY,,False
GFNIKDTY,IYPTNGYT,ARRGRRYTYSFDV,,False
GFNIKDTY,IYPTNGYT,ASEYGSSSYSADY,,False
GFNIKDTY,IDPANGYT,ASEGGGSSSSFTY,,False
GFNIKDTS,IDPANGYT,ARRGGYGYYSYDY,,False
GFNIKSTW,IYSADGYT,ASAGGSSYYSYQY,,False
GFNIKDTY,IYPTNGYT,ASSGGSSYYAYEY,,False
GFNIKDTY,IYPTNGYT,ATEGGSSSYAYDY,,False
GFNIKDTY,IYPTNGYT,ARDGGGGVGGYDY,,False
GFNIKDSY,ISPANGST,AIDGSLSSYAFDV,,False
GFNFKDTS,IDPANGNT,ASEGGSSSYSFDY,,False
GFNIKDTY,IYPTNGYT,ASEGGSSSYSMDY,,False
GFNIKDTY,IDPANGYT,AREGGRNWYAMDY,,False
GFNISDYY,IYPGTGYT,ARDGGRDINYLDY,,False
GFNIKDTY,IYPANGYT,AREGGRYYYYFYY,,False
GFNIKDTY,IYPTNGYT,ARDEGSYVYGMGV,,False
GFNIKDTY,IYPTNGYT,AIEGGRYSTAFPY,,False
GFNISDYW,IYPENGST,SRYSYYGGSAFDY,,False
GFNIKDTY,IYPTNGYT,ARSGGSSSYYYTY,,False
GFNIKDTY,IYPTNGYT,ARSGGSYSYYFDY,,False
GFNIKDTY,IYPTNGYT,ARDGGVGDYSLDY,,False
GFNIKDTY,IYPTNGYT,ASESGYYSYSFDY,,False
GFNIKDTH,IYPANGYT,AREGSRGYYYFYY,,False
GFNIKDTY,IYPTNGYT,ASSGGSSNYYYNY,,False
GFNIKDTW,IYPANGYT,ARETTRYTYSYEY,,False
GFNIKDTY,IYPTNGYT,ARKGGSGRYAMDV,,False
GFNIKDTY,IYPTNGYT,ARSSGRYYYYFTY,,False
GFNIKDTY,IYPTNGYT,ASEGGSSMYSMDY,,False
GFNIKDTY,IYPTNGYT,AREEGSSTYAMAY,,False
GFNIKDTY,IYPTSGYT,AREGGSSTYYFYY,,False
GFNIKDTY,IYPTNGYT,ATDGGSSDYAADY,,False
GFNIKDTY,IDPANGYT,ASEGGSGSGSADY,,False
GFNIKDTY,IDPANGYT,AREGGRSSYYFDY,,False
GFNIKDTY,IYPTNGYT,AREGGRNDYAMDY,,False
GFNIKDTY,IDPEDGYT,ARKGGRAYYYYDY,,False
GFNIKDTY,IYPTNGYT,ARKGGRAYYSYDY,,False
GFNIKDTY,IYPTNGYT,AREGRSGSYSFEV,,False
GFNIKDTY,IYPTNGYT,AREGYYGRGSLDY,,False
GFNIKDFY,IDPRDGST,SRYGYSGRTAFDY,,False
GFNIKDTY,IYPTNGYT,ARDDGYGRYSMDV,,False
GFNIKDTY,IYPTNGYT,AREGGSNYYAMDY,,False
GFNIKDTY,IYPTNGYT,ARDGGYYRSYFDY,,False
GFNIKDSW,IYPDVGST,ARYSDSGGTAFSY,,False
GFNIKDTY,IDPANGYT,ATSYGSSSWWFDY,,False
GFNIKDTY,IYPTNGYT,ARDRGRRSNAMDV,,False
GFNIKDTY,IDPADGST,ASAGGSSYYYYNY,,False
GFNIKDYW,IYPERGYT,ARRDNYGTYAMEV,,False
GFNIKDTY,IYPTNGYT,AREGGMGYYAYDY,,False
GFNIKDTY,IYPSDGST,ASSGGSSSYYYSY,,False
GFNIKYTY,IDPYSGST,ARSSGYYTYAFDY,,False
GFNIKDTY,IYPTNGYT,ARRHTSGSNGFDV,,False
GFNIKDTY,IYPSDGYT,AVRGGSSYYYYEY,,False
GFNIKDTY,IYPTNGYT,ARTGGSSNYSYDY,,False
GFNIKDTY,IDPANGYT,ASEGGSSSYSYDY,,False
GFNIKDTY,IDPENGST,ARSSGYYHYGFVY,,False
GFNIKDTY,IYPANGYT,ARSGGYYYYYYYY,,False
GFNVKGSY,IYPSNGYT,ARSGGSSYYYYDY,,False
GFNIKDTY,IYPTNGYT,ARDGGYYRYAMDY,,False
GFNISSYW,IYPSYGYT,ARKEISGRYAMEV,,False
GFNIKDTY,IYPTNGYT,ARDGGSGYGAYDY,,False
GFNVKDTY,IYPANGYT,ASSGGSSYYYYDY,,False
GFNIKDTY,IYPTNGYT,AVDGHIYSTYFDV,,False
GFNISDYY,IYPSYGYT,ARDGGRRSNGMDY,,False
GFNIKDTY,IYPTNGYT,AREGGSSSYSFDY,,False
GFNIKDTY,IYPTNGYT,AREEGRSFIALDY,,False
GFNISDYW,IYPGNGST,AREGYYGRYALDY,,False
GFNISDYW,IYPKYGIT,ARDGGVGRRYFDY,,False
GFNIKDTY,IYAYSGST,ARSGGYYHYAYDY,,False
GFNIKDTY,IYPTNGYT,ARRGGRSYYYYDY,,False
GFNIKDTY,IYPTNGYT,TREAYYGRASLDY,,False
GFNIKDTY,IYPTNGYT,ASEGGSSTYAFDY,,False
GFNIKDTY,IYPTNGYT,ARSSGRTSGGYDY,,False
GFNIKDTY,IYPTNGYT,AREGGSSYYAMDY,,False
GFNIKDTY,IYPTNGYT,AREGLRGRSSLDY,,False
GFNIKDTY,IYPTNGYT,AREHYSGRGYFDY,,False
GFNISDNY,IYPSNGYT,ARESSSGSYAMEV,,False
GFNIKDTY,IDPANGYT,ASEYGYDYYAMDY,,False
GFNIKDTY,IYPTNGYT,ARKGISGIGSLDY,,False
GFNIKDTY,IYPYSGST,ARSSGYYYYGMDY,,False
GFNIKDTY,IYPTNGYT,ARVGGRAYYYYDY,,False
GFNIKDTY,IYPTNGYT,AREGIRGIGSLLY,,False
GFNIKDSY,IYPRNGYT,ARSGRSYYYSYAY,,False
GFNIKDTY,IYPSDGYT,AVRGGSGYYYYDY,,False
GFNIKDTY,IYPTNGYT,ASEGGYSNYGMDY,,False
GFNIKDTY,IYPTNGYT,ATEGGYYSSAAPY,,False
GFNIKDTY,IYPRSGST,AIDGGYYSYAMDY,,False
GFNIKDSY,IYPSNGGT,AVAGFPYNYSFDY,,False
GFNIKDTW,IYPSNGYT,ARRGGSSYYYYEY,,False
GFNVKDTY,IYPEDGYT,ARSGGSSNYYYDY,,False
GFNIKDYW,IYPENGST,ARYSYSGGNAFDY,,False
GFNIKDTY,IYPTNGYT,ARDGGGYLRYFDY,,False
GFNIKDTY,IYPTNGYT,ARDEGYGSYGMDY,,False
GFNISDYY,IYPDNGST,TRYGYSGYGAFDY,,False
GFNIKDTY,IYPTSGYT,ARSYGSSYYYFDY,,False
GFNIKDTY,IDPASGYT,ASEGGSSNYAFDY,,False
GFNIKDTY,IYPTNGYT,AVEGGRYSYSLPY,,False
GFNIKDTY,IYPTNGYT,ARTGVYMYYFDI,,False
GFNIKDTY,IYPTNGYT,TGTYYQGGNAYD,,False
GFNIKDTY,IYPTNGYT,NASGRYYAYYYG,,False
GFNIKDTY,IYPTNGYT,AREIQDSYYYYD,,False
GFNIKDTY,IYPTNGYT,ISDYGDVYYVPY,,False
GFNIKDTY,IYPTNGYT,AKEGYDYYGYYN,,False
GFNIKDTY,IYPTNGYT,ARFDGGSVWDST,,False
GFNIKDTY,IYPTNGYT,AAMAFYMWYVMD,,False
GFNIKDTY,IYPTNGYT,VRGSSGGRLWYD,,False
GFNIKDTY,IYPTNGYT,KSNYGDAQRMVD,,False
GFNIKDTY,IYPTNGYT,AREDRGNGGGYH,,False
GFNIKDTY,IYPTNGYT,ARTATGFYRDAY,,False
GFNIKDTY,IYPTNGYT,IMTPFDVPYFDN,,False
GFNIKDTY,IYPTNGYT,SADVHYDPQDRY,,False
GFNIKDTY,IYPTNGYT,VRWGDAYDDYGV,,False
GFNIKDTY,IYPTNGYT,GTGGLGGSLRRD,,False
GFNIKDTY,IYPTNGYT,STSGRGGMYAIL,,False
GFNIKDTY,IYPTNGYT,NAYSGGDFDVYG,,False
GFNIKDTY,IYPTNGYT,ARRYVGGLDYYY,,False
GFNIKDTY,IYPTNGYT,ARGYWEDFGEYY,,False
GFNIKDTY,IYPTNGYT,NYGFGYGYYPLS,,False
GFNIKDTY,IYPTNGYT,TTSGTAVHHADV,,False
GFNIKDTY,IYPTNGYT,GRNGELARSVDN,,False
GFNIKDTY,IYPTNGYT,AVGGFAQWYASA,,False
GFNIKDTY,IYPTNGYT,SRTAGSGPPNWR,,False
GFNIKDTY,IYPTNGYT,SAPLFDSSGVAW,,False
GFNIKDTY,IYPTNGYT,ARSGEGWYLDKY,,False
GFNIKDTY,IYPTNGYT,ARETDRGGDYYP,,False
GFNIKDTY,IYPTNGYT,ARGRDQYYGWGI,,False
GFNIKDTY,IYPTNGYT,MAVGYRLSYRND,,False
GFNIKDTY,IYPTNGYT,HYIGEGGYYAMG,,False
GFNIKDTY,IYPTNGYT,ARQYYYSAAMDY,,False
GFNIKDTY,IYPTNGYT,AAALYAADGSAA,,False
GFNIKDTY,IYPTNGYT,AAGVVGPSYTTY,,False
GFNIKDTY,IYPTNGYT,ADYMGPVSYYDG,,False
GFNIKDTY,IYPTNGYT,AGYNPYNYAFGP,,False
GFNIKDTY,IYPTNGYT,AIGGPAFPAYWL,,False
GFNIKDTY,IYPTNGYT,AKRRGVALYAGY,,False
GFNIKDTY,IYPTNGYT,ANWYGRGGSWHG,,False
GFNIKDTY,IYPTNGYT,ARFYSNLGYAGI,,False
GFNIKDTY,IYPTNGYT,TYRGFYGSLRNAYGMDY,,False
GFNIKDTY,IYPTNGYT,AREWAYYGLYYYYLMDY,,False
GFNIKDTY,IYPTNGYT,AGSGGHGVQSYHFAY,,False
GFNIKDTY,IYPTNGYT,AVRDPWYYYYGAMDY,,False
GFNIKDTY,IYPTNGYT,AREETIVTFYAGFDY,,False
GFNIKDTY,IYPTNGYT,ARWGAGGVGLSLMQY,,False
GFNIKDTY,IYPTNGYT,ARLWAGGADTYSVVW,,False
GFNIKDTY,IYPTNGYT,ATWIGYGKTRFSDGY,,False
GFNIKDTY,IYPTNGYT,NEWDADDNGRAGSYY,,False
GFNIKDTY,IYPTNGYT,ARNSGQVGGDHIRYD,,False
GFNIKDTY,IYPTNGYT,IRWPLDIYVRAASDY,,False
GFNIKDTY,IYPTNGYT,AGTRDGGRTWDRVNN,,False
GFNIKDTY,IYPTNGYT,ANFGDGSYHILRPGV,,False
GFNIKDTY,IYPTNGYT,ARDNIPYPLGLPFDN,,False
GFNIKDTY,IYPTNGYT,ARDRGYYGTNRIDAS,,False
GFNIKDTY,IYPTNGYT,ARITRSVFGSTEWYP,,False
GFNIKDTY,IYPTNGYT,ARKVPTYGLMEGWDG,,False
GFNIKDTY,IYPTNGYT,ARLTWGRWSNMGDDY,,False
GFNIKDTY,IYPTNGYT,ARVDREEDLNPYGGY,,False
GFNIKDTY,IYPTNGYT,ARWYATDSDNDYHPY,,False
GFNIKDTY,IYPTNGYT,ASNGDFAYHSGSLYF,,False
GFNIKDTY,IYPTNGYT,ASYWWYYDYYWVKRY,,False
GFNIKDTY,IYPTNGYT,ATDMGVADDWDNQFK,,False
GFNIKDTY,IYPTNGYT,AYYDDLYYRGGDGYY,,False
GFNIKDTY,IYPTNGYT,GARKPNDVVESGVAE,,False
GFNIKDTY,IYPTNGYT,GSGTSADDSWYYNAK,,False
GFNIKDTY,IYPTNGYT,SRYYGWYYNYDVSDY,,False
GFNIKDTY,IYPTNGYT,VTNKGFYVYGSHYER,,False
GFNIKDTY,IYPTNGYT,YYRDGVGPEYPYDYS,,False
GFNIKDTY,IYPTNGYT,VREGSGTLVLSDVRY,,False
GFNIKDTY,IYPTNGYT,ARGVGHDGRDGFFDY,,False
GFNIKDTY,IYPTNGYT,ARGPSGSGASYAMDY,,False
GFNIKDTY,IYPTNGYT,ARGEHGYFYSWAMDY,,False
GFNIKDTY,IYPTNGYT,ARGYYYDYYYYAMDY,,False
GFNIKDTY,IYPTNGYT,AREVGRYDPGGYFDY,,False
GFNIKDTY,IYPTNGYT,ARDSEDYGYGGYFDY,,False
GFNIKDTY,IYPTNGYT,ARDPYHMMDY,,False
GFNIKDTY,IYPTNGYT,ARGFDYGFLY,,False
GFNIKDTY,IYPTNGYT,ARAGDYGMDV,,False
GFNIKDTY,IYPTNGYT,ASEGGSSSYAMDY,,False
GFNIKYSY,IYSYDGST,ARDGGYYHYAMDY,,False
GFNIKSTY,IYPYDGST,ARSGGSSHYGYDY,,False
GFNIKDTY,IYPTNGYT,ASEGGYSSYSMDS,,False
GFNIKDTY,IYPSDSAT,ARSGGSAYYSYNY,,False
GFNIKDTW,IYPSDGYT,ARSGGSSYYYYDY,,False
GFNIKDIY,IDPANGST,ATYDYYYSTMAPY,,False
GFNIKDTY,IYPSNGGT,ARSGGSSYYYYDY,,False
GFNIKDTY,IDPANGYT,ASEGGYSSYSYDY,,False
GFNIKDTY,IYPTNGYT,ARSGGSSNYYYEY,,False
GFNISDYY,IYPSSGST,ARLDIQGRYGMDV,,False
GFNIKDTY,IYPANGYT,AKEGGMYYYYFYY,,False
GFNIKDYY,IYPSSGST,ARLGGSGSYSMDV,,False
GFNIKDTY,IYPANGYT,ARSGGRSYYYFDY,,False
GFNIKDTS,IYPTNGYT,ASEGGYSSYSADY,,False
GFNIKDSS,IYPSSGYT,AIEYGYYSYYFPY,,False
GFNIKDTY,IYPTNGYT,ASDGLSSMYGVDY,,False
GFNIKDTY,IYPTNGYT,AREGGIGYYYFYY,,False
GFNVKDTY,IYPTSGYT,ARSGGRSNYYYNY,,False
GFNIKDTY,IYPTNGYT,ASEGGSGSYSMDV,,False
GFNIKDTY,IYPTNGYT,ARRRGRYNSSYDY,,False
GFNIKDTY,IDPENGYT,AREGGYAYYSYDY,,False
GFNIKDTY,IYPTNGYT,AREGGSGTYAMDY,,False
GFNVSDYW,IYPRNGYT,ARDLGRGSYAMDV,,False
GFNIKDTY,IYPTNGYT,AREGYRGIYSLDY,,False
GFNIKDTY,IYPTNGYT,AREGGDYYYYFDY,,False
GFNISDYS,IYPSIGYT,ARDAGISSYAMDV,,False
GFNIKDTY,IYPTNGYT,ARSSGRYYYALDY,,False
GFNIKDTY,IYPTSGYT,ATEGGSSSYSADY,,False
GFNISDTY,IYPENGST,SRLGSSGYHAMDY,,False
GFNISDYY,IYPGNGYT,ARDLGYNRYGLEV,,False
GFNIKDTY,IYPTNGYT,AREGGVYYYYLDY,,False
GFNIKDTY,IYPAYGST,ARRGGRYTYYYDY,,False
GFNIKDSY,IYPTNGYT,ARRSYGSTYSFNY,,False
GFNIKDTY,IYPTNGYT,ARKGRSGSYAMDY,,False
GFNIKDYY,IYPKYDYT,ARDEGRRSYAMGV,,False
GFNIKDTY,IYPTNGYT,SRSGGYYNYAYDY,,False
GFNVKDSY,IYSSDGST,ASTGGSAYYYYDY,,False
GFNIKDNY,IYPSDSYT,ARRRGRAFYYYDY,,False
GFNISDYS,IYPRYGYT,ARDLGSGRYAMDV,,False
GFNIKYYW,IYPESGYT,ARDGGGGYYAYDY,,False
GFNIKDTY,IYPTNGYT,AREGSRGRYSLDY,,False
GFNIKDTY,IDPANGYT,AVEYGLYSYGMPY,,False
GFNIKDTY,IYPTNGYT,ARDGGGGVGSFDY,,False
GFNIKDTW,IYPRSGTT,ARDTGSGGNYLAY,,False
GFNIKDTY,IYPTNGYT,ARDGGGDRRGLDY,,False
GFNIKDTS,IYPANGYT,ASEGGSSSYAYDY,,False
GFNIKDTY,IYPTNGYT,ASAGGSSYYYYNY,,False
GFNIKDTY,IYPSNGYT,ARSGGRYYYYFDY,,False
GFNIKDTY,IYPTNGYT,ARSRGRSSYYFDY,,False
GFNIKDTY,IYPSNGYT,ARRGGRYSYSYDY,,False
GFNIKDTY,IYPSNGYT,ATAGGSGYYYYEY,,False
GFNIKDTY,IYPTNGYT,ARSYGRYNYYFDY,,False
GFNIKDTY,IYPTNGYT,ASSGGSSSYSYDY,,False
GFNIKDTY,IYPTNGYT,AREAIYGYGAMDY,,False
GFNIKDTY,IYPTNGYT,ARSGGGGYYYFYY,,False
GFNIKDTY,IYPTNGYT,ATEGGYSSYSADY,,False
GFNIKSNY,IYPTNGYT,ASWYGRYNYSFDY,,False
GFNIKDTY,IYPTNGYT,ARSYGRYYYYFDY,,False
GFNISDYY,IYPSSGST,AKVDYYYTYGMAV,,False
GFNIKDTY,IYPTNGYT,ARSGGRYHYAYDY,,False
GFNIKDTY,IYPTNGYT,ASEYGSSSYAVDY,,False
GFNIKDTY,IYPTNGYT,AREGGRGSYGMEV,,False
GFNIKDTY,IYPTNGYT,AREGGSGRYAMDV,,False
GFNIKDTY,IYPTNGYT,ATEGGYNSYAFDY,,False
GFNISDYS,IYPRSGYT,ARKDGSGSYSMDV,,False
GFNIKDTY,IYPTNGYT,ARVRGVSYYYFYY,,False
GFNIKDTY,IYPTNGYT,ARDGGSGYYAFDY,,False
GFNIKDTY,IYPTNGYT,ASAGGSSNYYYEY,,False
GFNISDYY,IYPYSGIT,ARDGGRYGSYFDY,,False
GFNIKDTY,IYPTNGYT,AVRGGSSYYYYDY,,False
GFNISDYW,IYPYYGTT,ARDGGRYMNYFAY,,False
GFNIKGSW,ISSYDGST,SRSGGSYHYGYDY,,False
GFNIKDSY,IYPSTGTT,ARRIGRYSYSFEV,,False
GFNIKDTW,ISPTRGST,AREEYSGTYALLY,,False
GFNIKDTY,IYPTNGYT,AREGGRYYYYFDY,,False
GFNISDYY,IDPENGAT,ARYSYSGGGAFDY,,False
GFNIKDTY,IYPTNGYT,AREDIYGYYSVPV,,False
GFNIKDTY,IYPTNGYT,ARDYGYYHYAYDY,,False
GFNISYYS,IYPSSGYT,ARDEGYGRYGFGY,,False
GFNISDTY,IYPGIGAT,AREGYYGRSSLDY,,False
GFNIKDTY,IYPTNGYT,ARYGGYYHYGMDY,,False
GFNIKDTY,IYPTNGYT,ATEGSSYSYSADY,,False
GFNISDYW,IYPEDGST,SRYSYYGGNAYDY,,False
GFNIKDTY,IYPTNGYT,ARKDIYGSYGMDV,,False
GFNIKDTY,IYPTNGYT,ARRGGRYSYSYYY,,False
GFNIKDTY,IYPTNGYT,ARRSGRYTYSFEY,,False
GFNISSTY,IYPSIGST,TRKGFFGRNALDY,,False
GFNIKDTY,IYPTNGYT,ARRGGYYYYYFDY,,False
GFNISDTY,IYPGNGTT,AREGNSGRFSLDI,,False
GFNIKDSY,IDPASGST,ARSESSYSSSMEV,,False
GFNIKDTY,IYPASGST,ATDYGYYSTAMDY,,False
GFNIKDHY,IYPASGST,AVSESYYSTSYAY,,False
GFNIKDSY,IYPADGYT,ARRGGSSYYYYDY,,False
GFNIKDTY,IYPTNGYT,AISGGSSSYYYYY,,False
GFNISSTY,IYPSISST,AREGYSGLGSIVY,,False
GFNIKDTY,IDPASGYT,ATEGGYSSYSMTY,,False
GFNIKDTY,IYPTNGYT,ARDGGGGVYAYDY,,False
GFNIKDHS,IDPASGST,AVDFLIYSSGADY,,False
GFNIKDTY,IDPASGST,AIDLGYYYSMMPY,,False
GFNVKDTY,IYPGDSYT,ASSGGSSYYYYDY,,False
GFNIKDTY,IYPTNGYT,ARDGGGDRRYFDY,,False
GFNIKDTY,IYPTNGYT,ARSGGRAYYSYDY,,False
GFNIKDTY,IYPTNGYT,ARDGGGGRRAYDY,,False
GFNIKDTY,IYPANGYT,ARSGGRYYYYYDY,,False
GFNIKDTY,IYPTNGYT,TRSSGRNWYAYDY,,False
GFNIKDTY,IYPTNGYT,ARSSGRYYYYFDY,,False
GFNIKDTY,IYPTNGYT,AVDEGLSSTSFPY,,False
GFNIKDTW,ISPASGYT,ASEGGRSSYYLDY,,False
GFNIKDTY,IYPTNGYT,ATEIGLWSTAFDY,,False
GFNIKDTY,IYPTNGYT,ARDGGSGYHGYDY,,False
GFNIKDTY,IYPTNGYT,ASEGGYGSYYYDY,,False
GFNIKDTY,IYPTNGYT,ARRRGRYNYYYDY,,False
GFNIKDSY,IYPKNGGT,ARSGGSSNYSYDY,,False
GFNIKDTW,IDPEDGYT,ASSGGSGNYSYNY,,False
GFNIKDTY,IYPTNGYT,ASEYYSYSTAFPY,,False
GFNISYYW,IYPGSGYT,ARDGGGGVYAFDY,,False
GFNIKYSS,IYPEDGST,ARSGGYYHYYYDY,,False
GFNIKDTY,IYPTNGYT,ARRGGRYSSSFDV,,False
GFNIKDTY,IDPADGYT,ARRGGRGYYYYDY,,False
GFNIKYSY,IYSYSGST,ARSSGYYHYAYDY,,False
GFNIKDTY,IYPSNGGT,ARRGGRYSYYFAY,,False
GFNIKDTY,IYPTNGYT,ARSGGNYYYYFDY,,False
GFNIKDTY,IYPTNGYT,ASEGGSNSYAFDY,,False
GFNIKDTY,IYPTNGYT,ARSSGSSHYALDY,,False
GFNISSYW,IYPYNGST,SRYGYSGYHAFDY,,False
GFNIKDTY,IYPTNGYT,ARGEGRGRYAAEY,,False
GFNIKDTY,IYPTNGYT,ARSGGRYSYYFDY,,False
GFNIKDTY,IYPTNGYT,ARDEGRYVYGMGV,,False
GFNIKDTY,IYPTNGYT,ARRRRRYSGSYEV,,False
GFNIKDTY,IDPANGYT,ASEGGSSSYSFDY,,False
GFNISDYW,IYPRYGTT,ARDGGSDRRYFAY,,False
GFNISDYW,IYPKYGIT,ARDGGGGYRYYDY,,False
GFNIKDTY,IYPTNGYT,ARVGGYGYYAYDY,,False
GFNIKDTY,IYPTNGYT,AVDLGEYSNSYPY,,False
GFNIKDSY,IYPANGYT,ARRLGRYSYYYAY,,False
GFNIKDTY,IYPTNGYT,ATEGSTYSYAADY,,False
GFNIKDYW,IYPGSGST,ARDGGSGYGYFDY,,False
GFNISDYW,IYPRSGTT,ARDGGVYRSYFDY,,False
GFNISDTS,IYPRNGST,AREDIRGRGSFDY,,False
GFNIKYTY,IYSSSGST,AKDSGRYHYAYDY,,False
GFNLKDTY,IYPANGYT,AREGGRSYYAFDY,,False
GFNIKDYY,IYPSYGYT,ARGGGTRSFGADS,,False
GFNIKDTY,IYPTNGYT,ARRGGYGYYSYDY,,False
GFNIKDTY,IDPANGYT,ASEGGSSSYAMDY,,False
GFNIKDTY,IYPTNGYT,ARKDTRGRSSLDY,,False
GFNIKDTY,IDPANGYT,AREGGRGDYSMDY,,False
GFNIKDTY,IYPSNGYT,AREGGVYYYYFYY,,False
GFNISDYY,IYPSYGYT,ARDGGRRSNGMDV,,False
GFNFKDTS,IDPANGYT,ARERGYSYYAMDY,,False
GFNIKDSY,IYPSDGYT,ARRGGSSYYSYSY,,False
GFNIKDTY,IYPTNGYT,ASDGGSSSYAWSS,,False
GFNIKDTY,IYPSNGGT,ARRRRRYSSSFDY,,False
GFNIKDTY,IYPTNGYT,ARKGLSNSDGLSYLDY,,False
GFNIKDTY,IYPTNGYT,ARQGRGYGYGSYFLDY,,False
GFNIKDTY,IYPTNGYT,ARQQDYWPYYGVYGSF,,False
GFNIKDTY,IYPTNGYT,ARTVPNWFYYGVAMDY,,False
GFNIKDTY,IYPTNGYT,ARYRGERLPYFYWG,,False
GFNIKDTY,IYPTNGYT,VRVYMVVWDGLGFV,,False
GFNIKDTY,IYPTNGYT,ARSDFGSGYSSWDY,,False
GFNIKDTY,IYPTNGYT,ARLYGFENARDGFL,,False
GFNIKDTY,IYPTNGYT,AAFGWGGFDGESFY,,False
GFNIKDTY,IYPTNGYT,SRLIGTPGTNLGYD,,False
GFNIKDTY,IYPTNGYT,ARGTYITEAGGDFG,,False
GFNIKDTY,IYPTNGYT,YRRPLLVYYDGWGW,,False
GFNIKDTY,IYPTNGYT,ARSHYGFYDYYDDY,,False
GFNIKDTY,IYPTNGYT,ARFSLGGGGSVADY,,False
GFNIKDTY,IYPTNGYT,ARFFFGFGLGFFDW,,False
GFNIKDTY,IYPTNGYT,ARMHGSVFSDWGFY,,False
GFNIKDTY,IYPTNGYT,AGHSNGYRSAQVRS,,False
GFNIKDTY,IYPTNGYT,AGYAGDAYDFGIGD,,False
GFNIKDTY,IYPTNGYT,AKRDGLDYIRYLLN,,False
GFNIKDTY,IYPTNGYT,ARAPSSDYIYSFPY,,False
GFNIKDTY,IYPTNGYT,ARAYYYGISLDTYL,,False
GFNIKDTY,IYPTNGYT,ARDDQYISDKWFDY,,False
GFNIKDTY,IYPTNGYT,ARDTTDHGKVGDWS,,False
GFNIKDTY,IYPTNGYT,ARGQRSGVGRLYDY,,False
GFNIKDTY,IYPTNGYT,ARGSSWSRAMDYPY,,False
GFNIKDTY,IYPTNGYT,ARIGSVRYSSWYDD,,False
GFNIKDTY,IYPTNGYT,ARLMGPMYDWEIDP,,False
GFNIKDTY,IYPTNGYT,ARMHHSVYGVFMGN,,False
GFNIKDTY,IYPTNGYT,ARQPGDYGGGIGYY,,False
GFNIKDTY,IYPTNGYT,ARRGHKASPSSYYY,,False
GFNIKDTY,IYPTNGYT,ARRSVTGGSAGFDA,,False
GFNIKDTY,IYPTNGYT,ARSRFWDQNWGGEP,,False
GFNIKDTY,IYPTNGYT,ARSWYGPYTYYNDY,,False
GFNIKDTY,IYPTNGYT,ARVDLLVYYIGMDH,,False
GFNIKDTY,IYPTNGYT,ASYDLWFWSPYSYV,,False
GFNIKDTY,IYPTNGYT,ATAISSYRGMFITY,,False
GFNIKDTY,IYPTNGYT,AYDYWWDGGASVDV,,False
GFNIKDTY,IYPTNGYT,DYRYYRSYTGGHYR,,False
GFNIKDTY,IYPTNGYT,KRDSYAAGYGYQTY,,False
GFNIKDTY,IYPTNGYT,KRVVGTWKAAYYNH,,False
GFNIKDTY,IYPTNGYT,LGPGYMGGGYYYAD,,False
GFNIKDTY,IYPTNGYT,SGYEAYLALGVRFS,,False
GFNIKDTY,IYPTNGYT,VDPLIPVASNPAGS,,False
GFNIKDTY,IYPTNGYT,VRWALSVIGGSYDW,,False
GFNIKDTY,IYPTNGYT,YRGAETRYGAGEDY,,False
GFNIKDTY,IYPTNGYT,AREPGYGYVYAFDY,,False
GFNIKDTY,IYPTNGYT,TRWDGLDGRDLFDY,,False
GFNIKDTY,IYPTNGYT,ARLGDGLGDTSFDY,,False
GFNIKDTY,IYPTNGYT,TRGGGGYFSDGFDY,,False
GFNIKDTY,IYPTNGYT,ARLGGSFAVAAMDY,,False
GFNIKDTY,IYPTNGYT,ARIVAGDENYYFDY,,False
GFNIKDTY,IYPTNGYT,SRLGWEYDYYAMDV,,False
GFNIKDTY,IYPTNGYT,ARARYYGDYYAMDY,,False
GFNIKDTY,IYPTNGYT,ARLFYYGSEYYFDY,,False
GFNIKDTY,IYPTNGYT,ARLSLFSLVGGFDY,,False
GFNIKDTY,IYPTNGYT,ARSGDGGYGYYFDY,,False
GFNIKDTY,IYPTNGYT,ARESAGATSGEFDY,,False
GFNIKDTY,IYPTNGYT,ARDRKLSGYPYFDY,,False
